date,290001_PHC,290002_PHC,290003_PHC,290004_PHC,290005_PHC,290006_PHC,290007_PHC,290008_PHC,290009_PHC,290010_PHC,290011_PHC,290012_PHC,290013_PHC,290014_PHC,290015_PHC,290016_PHC,290017_PHC,290018_PHC,290019_PHC,290020_PHC,290021_PHC,290022_PHC,290023_PHC,290024_PHC,290025_PHC,290026_PHC,290027_PHC,290028_PHC,290029_PHC,290030_PHC,290031_PHC,290032_PHC,290033_PHC,290034_PHC,Mobility
1,147.0,35.0,16.0,8.0,80.0,19.0,119.0,168.0,139.0,77.0,171.0,67.0,82.0,26.0,24.0,34.0,38.0,41.0,21.0,33.0,10.0,72.0,32.0,53.0,3.0,1.0,16.0,21.0,91.0,60.0,35.0,13.0,8.0,19.0,1
2,175.0,76.0,87.0,13.0,113.0,40.0,240.0,288.0,183.0,105.0,263.0,108.0,112.0,59.0,53.0,119.0,99.0,97.0,47.0,129.0,15.0,115.0,57.0,80.0,16.0,0.0,36.0,27.0,126.0,138.0,68.0,32.0,30.0,87.0,1
3,181.0,156.0,90.0,20.0,110.0,27.0,259.0,253.0,206.0,113.0,269.0,142.0,137.0,71.0,62.0,149.0,130.0,145.0,38.0,233.0,55.0,107.0,66.0,98.0,43.0,11.0,52.0,30.0,145.0,120.0,108.0,40.0,31.0,112.0,1
4,162.0,122.0,89.0,13.0,116.0,41.0,212.0,315.0,199.0,92.0,315.0,108.0,123.0,63.0,54.0,156.0,84.0,119.0,46.0,219.0,51.0,117.0,44.0,87.0,25.0,7.0,64.0,57.0,169.0,86.0,114.0,35.0,69.0,127.0,1
5,144.0,93.0,86.0,32.0,140.0,31.0,183.0,305.0,207.0,99.0,346.0,135.0,131.0,76.0,47.0,142.0,105.0,168.0,20.0,190.0,60.0,98.0,65.0,86.0,49.0,14.0,39.0,55.0,220.0,110.0,90.0,36.0,50.0,113.0,1
6,193.0,101.0,119.0,19.0,127.0,24.0,231.0,321.0,182.0,108.0,407.0,183.0,134.0,129.0,46.0,130.0,60.0,182.0,33.0,236.0,68.0,94.0,97.0,126.0,39.0,10.0,48.0,46.0,179.0,152.0,99.0,47.0,60.0,133.0,1
7,151.0,128.0,126.0,46.0,154.0,26.0,192.0,323.0,196.0,84.0,376.0,158.0,136.0,128.0,33.0,205.0,80.0,225.0,38.0,293.0,70.0,89.0,106.0,158.0,40.0,16.0,56.0,73.0,240.0,151.0,87.0,51.0,56.0,164.0,1
8,188.0,125.0,138.0,40.0,99.0,21.0,191.0,315.0,160.0,161.0,392.0,141.0,150.0,133.0,34.0,222.0,106.0,296.0,90.0,328.0,50.0,108.0,69.0,158.0,49.0,25.0,61.0,65.0,204.0,125.0,81.0,50.0,54.0,168.0,1
9,99.0,35.0,48.0,13.0,56.0,24.0,69.0,154.0,90.0,50.0,123.0,35.0,71.0,35.0,13.0,111.0,30.0,188.0,27.0,112.0,33.0,55.0,41.0,25.0,7.0,4.0,5.0,28.0,71.0,55.0,36.0,5.0,7.0,56.0,1
10,178.0,133.0,149.0,74.0,228.0,93.0,252.0,526.0,232.0,133.0,565.0,204.0,211.0,113.0,41.0,358.0,130.0,528.0,169.0,452.0,147.0,156.0,136.0,171.0,33.0,19.0,37.0,93.0,202.0,168.0,121.0,49.0,71.0,206.0,1
11,265.0,156.0,192.0,61.0,178.0,70.0,314.0,539.0,242.0,144.0,618.0,228.0,229.0,137.0,63.0,456.0,128.0,563.0,183.0,506.0,186.0,274.0,147.0,186.0,60.0,32.0,61.0,79.0,261.0,192.0,176.0,58.0,88.0,225.0,1
12,304.0,157.0,206.0,82.0,226.0,73.0,296.0,601.0,244.0,219.0,653.0,204.0,255.0,156.0,50.0,445.0,244.0,493.0,174.0,439.0,187.0,239.0,154.0,177.0,36.0,25.0,61.0,106.0,233.0,248.0,151.0,63.0,101.0,208.0,1
13,235.0,169.0,171.0,45.0,241.0,93.0,291.0,550.0,183.0,138.0,579.0,152.0,207.0,127.0,57.0,410.0,148.0,497.0,168.0,337.0,105.0,236.0,182.0,154.0,57.0,20.0,68.0,110.0,236.0,172.0,177.0,65.0,56.0,169.0,1
14,244.0,126.0,180.0,83.0,170.0,107.0,299.0,577.0,194.0,170.0,578.0,235.0,165.0,117.0,43.0,478.0,208.0,550.0,222.0,410.0,232.0,329.0,166.0,157.0,42.0,31.0,71.0,129.0,247.0,206.0,145.0,59.0,80.0,242.0,1
15,230.0,102.0,187.0,66.0,159.0,118.0,248.0,535.0,191.0,126.0,563.0,164.0,182.0,110.0,29.0,409.0,194.0,435.0,184.0,428.0,174.0,234.0,124.0,113.0,48.0,31.0,36.0,73.0,247.0,163.0,151.0,28.0,59.0,204.0,1
16,311.0,187.0,182.0,111.0,194.0,167.0,316.0,624.0,172.0,141.0,707.0,238.0,288.0,216.0,84.0,557.0,229.0,518.0,275.0,571.0,278.0,263.0,211.0,129.0,50.0,72.0,75.0,122.0,337.0,212.0,181.0,38.0,73.0,333.0,1
17,390.0,175.0,200.0,116.0,183.0,126.0,289.0,714.0,192.0,150.0,730.0,293.0,339.0,156.0,65.0,551.0,276.0,480.0,257.0,682.0,231.0,332.0,217.0,212.0,79.0,91.0,96.0,111.0,391.0,275.0,299.0,31.0,70.0,313.0,1
18,290.0,145.0,207.0,95.0,132.0,110.0,293.0,531.0,260.0,155.0,627.0,191.0,308.0,152.0,70.0,482.0,235.0,326.0,225.0,591.0,215.0,335.0,274.0,198.0,30.0,81.0,103.0,111.0,354.0,242.0,225.0,60.0,109.0,250.0,1
19,369.0,282.0,328.0,137.0,219.0,99.0,395.0,641.0,300.0,155.0,915.0,367.0,316.0,233.0,85.0,618.0,219.0,462.0,263.0,686.0,215.0,608.0,328.0,280.0,71.0,81.0,125.0,190.0,534.0,359.0,274.0,86.0,131.0,352.0,1
20,381.0,257.0,266.0,133.0,215.0,106.0,452.0,696.0,413.0,174.0,1026.0,290.0,438.0,215.0,126.0,683.0,310.0,472.0,252.0,874.0,235.0,601.0,423.0,354.0,84.0,127.0,153.0,175.0,652.0,451.0,260.0,112.0,159.0,396.0,1
21,417.0,247.0,200.0,138.0,175.0,125.0,429.0,718.0,256.0,243.0,859.0,290.0,367.0,241.0,131.0,587.0,231.0,520.0,217.0,873.0,280.0,509.0,340.0,315.0,106.0,143.0,149.0,167.0,554.0,447.0,215.0,79.0,195.0,459.0,1
22,383.0,301.0,193.0,124.0,152.0,110.0,413.0,602.0,277.0,265.0,899.0,339.0,436.0,225.0,128.0,497.0,215.0,488.0,207.0,893.0,208.0,436.0,306.0,327.0,79.0,225.0,155.0,175.0,616.0,432.0,183.0,69.0,143.0,384.0,1
23,423.0,382.0,266.0,187.0,188.0,121.0,461.0,655.0,344.0,236.0,896.0,396.0,477.0,226.0,91.0,557.0,225.0,489.0,227.0,939.0,193.0,665.0,368.0,371.0,124.0,194.0,194.0,183.0,703.0,554.0,278.0,104.0,134.0,366.0,1
24,251.0,187.0,138.0,73.0,149.0,117.0,427.0,393.0,267.0,158.0,602.0,271.0,419.0,159.0,50.0,461.0,159.0,386.0,208.0,590.0,171.0,494.0,181.0,242.0,65.0,134.0,156.0,112.0,530.0,340.0,214.0,44.0,102.0,372.0,1
25,231.0,213.0,156.0,72.0,167.0,75.0,403.0,506.0,264.0,150.0,591.0,256.0,486.0,104.0,34.0,456.0,220.0,439.0,302.0,588.0,191.0,458.0,216.0,236.0,72.0,105.0,157.0,149.0,480.0,310.0,233.0,36.0,78.0,326.0,1
26,318.0,183.0,193.0,93.0,117.0,67.0,352.0,377.0,230.0,108.0,466.0,294.0,378.0,101.0,55.0,453.0,230.0,419.0,215.0,232.0,201.0,446.0,187.0,349.0,72.0,58.0,156.0,80.0,410.0,295.0,314.0,33.0,77.0,388.0,1
27,445.0,237.0,316.0,112.0,152.0,112.0,475.0,542.0,298.0,204.0,806.0,388.0,493.0,318.0,87.0,608.0,190.0,460.0,204.0,776.0,212.0,394.0,267.0,412.0,76.0,156.0,107.0,136.0,647.0,368.0,269.0,73.0,70.0,427.0,1
28,391.0,279.0,330.0,167.0,182.0,125.0,394.0,614.0,314.0,114.0,1015.0,337.0,559.0,281.0,79.0,599.0,261.0,422.0,199.0,860.0,234.0,492.0,358.0,340.0,106.0,146.0,191.0,174.0,742.0,338.0,302.0,119.0,123.0,336.0,1
29,468.0,251.0,323.0,163.0,240.0,179.0,493.0,662.0,294.0,196.0,1270.0,467.0,657.0,232.0,90.0,743.0,277.0,469.0,224.0,980.0,241.0,486.0,329.0,442.0,138.0,230.0,243.0,235.0,734.0,325.0,349.0,82.0,151.0,422.0,1
30,433.0,312.0,340.0,128.0,199.0,130.0,481.0,470.0,299.0,227.0,1314.0,471.0,771.0,204.0,96.0,597.0,332.0,293.0,225.0,1006.0,281.0,535.0,359.0,349.0,96.0,177.0,165.0,166.0,617.0,319.0,298.0,72.0,136.0,360.0,1
31,408.0,231.0,361.0,167.0,246.0,127.0,544.0,520.0,290.0,197.0,1189.0,483.0,641.0,216.0,76.0,745.0,304.0,398.0,231.0,901.0,227.0,582.0,323.0,396.0,153.0,208.0,168.0,248.0,797.0,269.0,316.0,113.0,136.0,434.0,1
32,474.0,261.0,417.0,170.0,212.0,164.0,533.0,597.0,345.0,193.0,1267.0,427.0,654.0,291.0,101.0,845.0,276.0,438.0,250.0,924.0,260.0,628.0,359.0,361.0,187.0,228.0,231.0,229.0,803.0,367.0,280.0,119.0,136.0,408.0,1
33,580.0,252.0,497.0,174.0,216.0,173.0,557.0,722.0,325.0,231.0,1122.0,462.0,733.0,293.0,98.0,776.0,249.0,566.0,280.0,1096.0,236.0,596.0,362.0,360.0,176.0,242.0,207.0,276.0,782.0,437.0,279.0,124.0,143.0,449.0,1
34,446.0,360.0,384.0,168.0,205.0,122.0,762.0,680.0,435.0,243.0,1182.0,391.0,779.0,281.0,123.0,926.0,383.0,527.0,244.0,946.0,245.0,652.0,367.0,276.0,188.0,219.0,175.0,261.0,732.0,418.0,231.0,98.0,159.0,435.0,1
35,492.0,294.0,361.0,147.0,230.0,145.0,493.0,675.0,375.0,207.0,1159.0,408.0,615.0,198.0,105.0,723.0,298.0,454.0,261.0,958.0,238.0,616.0,411.0,352.0,141.0,222.0,195.0,256.0,735.0,373.0,172.0,117.0,133.0,461.0,1
36,346.0,209.0,241.0,109.0,122.0,108.0,419.0,550.0,269.0,149.0,925.0,273.0,450.0,224.0,73.0,554.0,227.0,396.0,157.0,645.0,172.0,451.0,278.0,286.0,53.0,100.0,132.0,108.0,520.0,387.0,113.0,73.0,69.0,289.0,1
37,463.0,274.0,341.0,152.0,164.0,158.0,617.0,920.0,383.0,185.0,1217.0,366.0,582.0,256.0,119.0,708.0,289.0,409.0,258.0,984.0,154.0,614.0,389.0,399.0,185.0,183.0,140.0,154.0,639.0,503.0,206.0,78.0,113.0,424.0,1
38,447.0,236.0,364.0,145.0,122.0,128.0,505.0,846.0,434.0,211.0,1143.0,351.0,591.0,289.0,102.0,711.0,242.0,343.0,254.0,844.0,204.0,575.0,462.0,429.0,172.0,177.0,190.0,248.0,656.0,570.0,226.0,81.0,138.0,376.0,1
39,373.0,250.0,379.0,98.0,199.0,145.0,458.0,816.0,363.0,245.0,1143.0,365.0,586.0,274.0,101.0,675.0,299.0,431.0,239.0,819.0,183.0,595.0,502.0,350.0,182.0,160.0,124.0,179.0,649.0,567.0,199.0,95.0,121.0,335.0,1
40,448.0,352.0,435.0,223.0,163.0,144.0,544.0,788.0,441.0,251.0,1172.0,403.0,522.0,249.0,111.0,621.0,270.0,448.0,201.0,852.0,165.0,622.0,482.0,277.0,230.0,283.0,149.0,155.0,647.0,588.0,235.0,93.0,196.0,358.0,1
41,252.0,201.0,275.0,120.0,121.0,86.0,423.0,557.0,310.0,207.0,760.0,284.0,337.0,215.0,71.0,419.0,211.0,260.0,110.0,591.0,122.0,429.0,301.0,225.0,105.0,194.0,69.0,156.0,465.0,418.0,172.0,48.0,111.0,264.0,1
42,438.0,241.0,351.0,191.0,167.0,125.0,552.0,773.0,322.0,265.0,998.0,422.0,568.0,230.0,71.0,599.0,321.0,346.0,215.0,821.0,208.0,619.0,388.0,230.0,143.0,272.0,135.0,210.0,538.0,467.0,217.0,90.0,203.0,319.0,1
43,463.0,215.0,383.0,187.0,205.0,137.0,417.0,653.0,341.0,197.0,1006.0,364.0,428.0,265.0,119.0,558.0,292.0,382.0,199.0,731.0,212.0,564.0,377.0,285.0,212.0,237.0,102.0,197.0,537.0,482.0,192.0,84.0,162.0,335.0,1
44,308.0,183.0,214.0,116.0,165.0,96.0,344.0,392.0,257.0,146.0,686.0,297.0,297.0,212.0,58.0,391.0,177.0,271.0,123.0,479.0,119.0,354.0,248.0,218.0,131.0,127.0,87.0,158.0,364.0,319.0,110.0,62.0,117.0,216.0,1
45,461.0,264.0,332.0,185.0,149.0,168.0,413.0,645.0,264.0,178.0,855.0,364.0,443.0,350.0,85.0,532.0,251.0,354.0,158.0,687.0,203.0,564.0,362.0,256.0,181.0,217.0,161.0,188.0,508.0,486.0,225.0,115.0,161.0,247.0,1
46,355.0,185.0,255.0,121.0,98.0,98.0,405.0,427.0,262.0,194.0,592.0,201.0,271.0,140.0,86.0,402.0,121.0,213.0,143.0,495.0,142.0,382.0,253.0,196.0,133.0,163.0,101.0,136.0,329.0,339.0,191.0,85.0,97.0,185.0,1
47,468.0,246.0,380.0,153.0,118.0,152.0,375.0,640.0,396.0,184.0,797.0,302.0,475.0,179.0,99.0,429.0,164.0,243.0,185.0,672.0,217.0,544.0,335.0,204.0,112.0,207.0,119.0,93.0,441.0,408.0,236.0,112.0,110.0,228.0,1
48,438.0,160.0,344.0,160.0,121.0,142.0,469.0,578.0,366.0,175.0,762.0,316.0,441.0,163.0,108.0,489.0,201.0,318.0,215.0,617.0,184.0,552.0,286.0,235.0,109.0,187.0,114.0,72.0,470.0,427.0,209.0,80.0,77.0,239.0,1
49,373.0,229.0,292.0,109.0,122.0,92.0,455.0,550.0,297.0,209.0,773.0,266.0,386.0,164.0,96.0,368.0,126.0,268.0,143.0,512.0,177.0,372.0,272.0,178.0,95.0,141.0,105.0,54.0,390.0,413.0,233.0,83.0,74.0,209.0,1
50,397.0,165.0,170.0,94.0,123.0,75.0,281.0,417.0,267.0,163.0,569.0,253.0,345.0,145.0,24.0,310.0,122.0,247.0,161.0,456.0,105.0,340.0,213.0,219.0,88.0,132.0,85.0,44.0,339.0,332.0,165.0,97.0,84.0,233.0,1
51,314.0,113.0,184.0,47.0,88.0,45.0,291.0,383.0,150.0,167.0,497.0,163.0,437.0,99.0,51.0,376.0,81.0,213.0,195.0,284.0,114.0,326.0,152.0,172.0,71.0,127.0,30.0,39.0,338.0,262.0,110.0,60.0,72.0,229.0,1
52,179.0,30.0,62.0,7.0,32.0,33.0,77.0,118.0,18.0,8.0,116.0,44.0,167.0,34.0,6.0,178.0,36.0,31.0,75.0,27.0,41.0,145.0,75.0,92.0,8.0,2.0,0.0,0.0,111.0,100.0,30.0,16.0,0.0,69.0,1
53,223.0,127.0,74.0,9.0,44.0,60.0,198.0,224.0,102.0,98.0,199.0,152.0,185.0,88.0,21.0,191.0,48.0,140.0,85.0,91.0,79.0,188.0,72.0,81.0,19.0,42.0,4.0,25.0,150.0,120.0,107.0,20.0,1.0,146.0,1
54,332.0,151.0,186.0,47.0,101.0,91.0,400.0,501.0,161.0,153.0,477.0,261.0,384.0,186.0,54.0,385.0,133.0,320.0,117.0,343.0,153.0,369.0,123.0,153.0,71.0,72.0,39.0,51.0,318.0,322.0,198.0,67.0,96.0,207.0,1
55,370.0,171.0,211.0,73.0,127.0,77.0,454.0,524.0,223.0,158.0,576.0,242.0,402.0,186.0,69.0,526.0,168.0,317.0,154.0,470.0,192.0,435.0,161.0,178.0,97.0,98.0,121.0,35.0,369.0,400.0,188.0,84.0,86.0,201.0,1
56,362.0,165.0,155.0,73.0,128.0,60.0,433.0,538.0,191.0,178.0,595.0,251.0,388.0,228.0,86.0,389.0,185.0,262.0,160.0,474.0,171.0,389.0,209.0,196.0,77.0,77.0,111.0,60.0,362.0,299.0,181.0,67.0,79.0,213.0,1
57,297.0,107.0,154.0,53.0,116.0,72.0,372.0,510.0,178.0,139.0,528.0,221.0,335.0,240.0,92.0,306.0,137.0,260.0,107.0,364.0,135.0,292.0,173.0,149.0,59.0,79.0,114.0,55.0,343.0,313.0,176.0,63.0,78.0,189.0,1
58,258.0,140.0,201.0,56.0,157.0,83.0,398.0,451.0,281.0,170.0,395.0,226.0,279.0,186.0,55.0,345.0,117.0,237.0,78.0,423.0,145.0,320.0,166.0,198.0,70.0,61.0,95.0,61.0,337.0,342.0,179.0,76.0,59.0,125.0,1
59,123.0,39.0,100.0,14.0,36.0,33.0,156.0,160.0,87.0,42.0,198.0,79.0,137.0,45.0,23.0,197.0,109.0,89.0,51.0,190.0,57.0,129.0,58.0,70.0,16.0,22.0,33.0,17.0,102.0,97.0,74.0,26.0,22.0,39.0,1
60,320.0,163.0,202.0,80.0,131.0,93.0,422.0,563.0,291.0,159.0,628.0,278.0,395.0,220.0,94.0,411.0,197.0,253.0,136.0,570.0,147.0,371.0,206.0,211.0,72.0,82.0,116.0,71.0,376.0,325.0,185.0,75.0,122.0,162.0,1
61,361.0,163.0,221.0,94.0,133.0,68.0,384.0,600.0,347.0,154.0,708.0,342.0,490.0,243.0,75.0,576.0,191.0,394.0,173.0,686.0,181.0,453.0,177.0,168.0,93.0,115.0,96.0,73.0,433.0,430.0,271.0,96.0,95.0,192.0,1
62,465.0,192.0,233.0,69.0,124.0,107.0,517.0,593.0,383.0,138.0,802.0,404.0,495.0,267.0,106.0,621.0,191.0,458.0,161.0,664.0,181.0,420.0,189.0,202.0,101.0,112.0,125.0,87.0,420.0,401.0,229.0,93.0,78.0,256.0,1
63,484.0,208.0,303.0,99.0,133.0,117.0,497.0,619.0,404.0,170.0,932.0,414.0,545.0,310.0,102.0,899.0,284.0,503.0,252.0,818.0,308.0,572.0,221.0,239.0,90.0,134.0,157.0,130.0,425.0,506.0,259.0,110.0,124.0,249.0,1
64,586.0,205.0,378.0,116.0,151.0,147.0,557.0,654.0,363.0,191.0,1094.0,459.0,596.0,296.0,68.0,946.0,317.0,599.0,234.0,785.0,288.0,650.0,213.0,242.0,94.0,114.0,151.0,166.0,603.0,516.0,311.0,113.0,142.0,384.0,1
65,403.0,137.0,242.0,98.0,102.0,111.0,454.0,471.0,231.0,145.0,859.0,312.0,529.0,261.0,43.0,670.0,304.0,376.0,162.0,571.0,243.0,435.0,180.0,166.0,104.0,84.0,90.0,66.0,392.0,414.0,204.0,91.0,97.0,230.0,1
66,641.0,227.0,354.0,211.0,268.0,207.0,640.0,765.0,452.0,219.0,1158.0,499.0,815.0,356.0,52.0,818.0,461.0,503.0,203.0,895.0,318.0,741.0,385.0,293.0,119.0,207.0,106.0,134.0,854.0,746.0,273.0,168.0,202.0,417.0,1
67,685.0,341.0,412.0,183.0,270.0,237.0,694.0,820.0,456.0,218.0,1136.0,476.0,824.0,391.0,74.0,936.0,451.0,539.0,266.0,1038.0,403.0,870.0,403.0,275.0,167.0,219.0,147.0,149.0,989.0,838.0,383.0,186.0,190.0,378.0,1
68,693.0,370.0,474.0,251.0,202.0,259.0,645.0,914.0,532.0,303.0,1229.0,462.0,988.0,405.0,105.0,914.0,520.0,565.0,257.0,1068.0,415.0,1012.0,464.0,362.0,189.0,257.0,141.0,169.0,957.0,862.0,390.0,248.0,208.0,458.0,1
69,699.0,312.0,443.0,244.0,247.0,247.0,714.0,936.0,495.0,345.0,1347.0,565.0,849.0,375.0,82.0,996.0,528.0,520.0,351.0,946.0,392.0,994.0,344.0,335.0,191.0,207.0,167.0,157.0,929.0,765.0,376.0,189.0,135.0,474.0,1
70,427.0,241.0,277.0,150.0,162.0,177.0,507.0,621.0,266.0,195.0,638.0,344.0,501.0,271.0,68.0,540.0,262.0,323.0,233.0,717.0,332.0,507.0,256.0,254.0,138.0,144.0,124.0,125.0,498.0,501.0,303.0,109.0,126.0,284.0,1
71,502.0,300.0,525.0,218.0,232.0,209.0,679.0,966.0,360.0,341.0,1106.0,579.0,753.0,444.0,77.0,858.0,352.0,485.0,300.0,1257.0,434.0,668.0,387.0,317.0,276.0,181.0,235.0,154.0,856.0,688.0,456.0,213.0,179.0,404.0,1
72,601.0,345.0,501.0,261.0,225.0,282.0,684.0,847.0,509.0,301.0,1181.0,633.0,807.0,306.0,124.0,887.0,397.0,587.0,262.0,1356.0,367.0,746.0,414.0,335.0,294.0,251.0,241.0,166.0,1025.0,708.0,392.0,240.0,248.0,467.0,1
73,612.0,351.0,535.0,236.0,219.0,220.0,669.0,936.0,455.0,249.0,1054.0,591.0,771.0,303.0,95.0,749.0,361.0,556.0,297.0,1301.0,344.0,743.0,413.0,310.0,263.0,263.0,219.0,158.0,970.0,696.0,403.0,280.0,220.0,526.0,1
74,345.0,77.0,157.0,70.0,87.0,106.0,338.0,568.0,183.0,128.0,411.0,303.0,552.0,116.0,34.0,399.0,128.0,214.0,172.0,726.0,202.0,291.0,95.0,222.0,99.0,63.0,72.0,70.0,396.0,242.0,205.0,100.0,21.0,292.0,1
75,494.0,359.0,376.0,252.0,245.0,192.0,659.0,841.0,383.0,316.0,1173.0,545.0,858.0,308.0,76.0,741.0,338.0,627.0,215.0,1071.0,273.0,620.0,386.0,395.0,185.0,245.0,181.0,143.0,839.0,665.0,346.0,252.0,189.0,439.0,1
76,450.0,233.0,303.0,182.0,213.0,170.0,600.0,791.0,406.0,207.0,1086.0,457.0,871.0,321.0,54.0,701.0,358.0,547.0,207.0,908.0,241.0,687.0,295.0,294.0,154.0,234.0,183.0,161.0,928.0,613.0,347.0,185.0,153.0,354.0,1
77,299.0,201.0,292.0,122.0,159.0,149.0,558.0,821.0,357.0,266.0,993.0,499.0,674.0,276.0,62.0,736.0,257.0,427.0,204.0,628.0,250.0,642.0,279.0,282.0,117.0,182.0,120.0,137.0,653.0,676.0,266.0,144.0,106.0,377.0,1
78,316.0,135.0,255.0,94.0,81.0,118.0,515.0,705.0,382.0,257.0,646.0,453.0,682.0,205.0,46.0,648.0,271.0,480.0,202.0,177.0,185.0,638.0,276.0,313.0,53.0,100.0,59.0,29.0,582.0,489.0,271.0,112.0,92.0,319.0,1
79,325.0,281.0,317.0,191.0,150.0,187.0,518.0,692.0,338.0,201.0,1295.0,471.0,578.0,253.0,60.0,543.0,244.0,377.0,281.0,701.0,229.0,559.0,378.0,300.0,114.0,236.0,161.0,138.0,808.0,596.0,264.0,99.0,131.0,281.0,1
80,439.0,335.0,426.0,302.0,152.0,196.0,621.0,924.0,450.0,245.0,1505.0,568.0,1009.0,336.0,89.0,744.0,402.0,431.0,296.0,936.0,298.0,649.0,360.0,400.0,173.0,292.0,186.0,186.0,1031.0,724.0,414.0,158.0,184.0,315.0,1
81,551.0,258.0,408.0,344.0,217.0,236.0,640.0,863.0,409.0,288.0,1614.0,585.0,820.0,294.0,116.0,734.0,440.0,500.0,243.0,871.0,310.0,546.0,425.0,349.0,191.0,294.0,219.0,189.0,1080.0,707.0,435.0,165.0,158.0,395.0,1
82,560.0,266.0,422.0,313.0,255.0,249.0,638.0,734.0,476.0,354.0,1582.0,538.0,948.0,345.0,76.0,748.0,371.0,448.0,292.0,931.0,326.0,682.0,390.0,344.0,164.0,275.0,180.0,181.0,874.0,624.0,394.0,164.0,162.0,431.0,1
83,495.0,331.0,404.0,302.0,229.0,215.0,783.0,668.0,460.0,321.0,1550.0,491.0,975.0,327.0,53.0,762.0,392.0,430.0,267.0,1034.0,289.0,718.0,474.0,318.0,172.0,232.0,182.0,134.0,927.0,714.0,412.0,175.0,181.0,454.0,1
84,532.0,310.0,355.0,268.0,227.0,188.0,641.0,708.0,450.0,336.0,1554.0,525.0,792.0,299.0,68.0,831.0,371.0,499.0,244.0,1013.0,293.0,694.0,444.0,344.0,194.0,245.0,180.0,172.0,885.0,737.0,333.0,206.0,176.0,423.0,1
85,460.0,281.0,390.0,285.0,156.0,215.0,633.0,653.0,404.0,358.0,1407.0,561.0,771.0,299.0,64.0,875.0,344.0,401.0,196.0,1040.0,332.0,740.0,386.0,356.0,164.0,262.0,162.0,212.0,884.0,609.0,373.0,185.0,191.0,344.0,1
86,543.0,255.0,383.0,263.0,213.0,166.0,715.0,734.0,428.0,235.0,1457.0,543.0,750.0,267.0,53.0,803.0,330.0,486.0,296.0,1050.0,278.0,690.0,342.0,302.0,156.0,233.0,210.0,171.0,799.0,658.0,370.0,167.0,185.0,351.0,1
87,522.0,225.0,385.0,306.0,184.0,154.0,701.0,736.0,393.0,268.0,1245.0,519.0,837.0,202.0,67.0,720.0,288.0,495.0,293.0,966.0,273.0,698.0,333.0,264.0,176.0,227.0,194.0,168.0,824.0,650.0,321.0,124.0,191.0,364.0,1
88,439.0,235.0,375.0,255.0,233.0,140.0,590.0,645.0,371.0,197.0,1127.0,468.0,621.0,243.0,75.0,767.0,283.0,408.0,284.0,951.0,230.0,604.0,320.0,225.0,167.0,233.0,156.0,132.0,778.0,639.0,383.0,135.0,162.0,295.0,1
89,523.0,333.0,484.0,324.0,269.0,164.0,613.0,773.0,405.0,274.0,1315.0,467.0,715.0,269.0,53.0,762.0,304.0,469.0,238.0,1150.0,259.0,645.0,306.0,232.0,185.0,261.0,193.0,170.0,779.0,605.0,321.0,173.0,160.0,336.0,1
90,529.0,317.0,403.0,274.0,252.0,168.0,566.0,723.0,455.0,247.0,1106.0,476.0,573.0,243.0,60.0,654.0,366.0,394.0,266.0,943.0,248.0,615.0,304.0,259.0,208.0,223.0,159.0,148.0,732.0,644.0,386.0,138.0,134.0,342.0,1
91,498.0,226.0,452.0,298.0,209.0,159.0,565.0,653.0,337.0,232.0,1177.0,431.0,694.0,253.0,79.0,694.0,297.0,405.0,324.0,983.0,221.0,550.0,345.0,231.0,195.0,239.0,184.0,134.0,778.0,568.0,329.0,171.0,145.0,347.0,1
92,507.0,268.0,385.0,234.0,259.0,160.0,631.0,595.0,371.0,217.0,1269.0,501.0,647.0,261.0,39.0,760.0,280.0,388.0,292.0,970.0,245.0,513.0,361.0,207.0,198.0,217.0,175.0,138.0,804.0,703.0,322.0,172.0,128.0,388.0,1
93,387.0,201.0,313.0,161.0,226.0,107.0,451.0,378.0,378.0,198.0,924.0,406.0,554.0,189.0,38.0,616.0,223.0,259.0,277.0,844.0,211.0,440.0,305.0,199.0,142.0,180.0,170.0,79.0,627.0,505.0,265.0,139.0,101.0,276.0,1
94,463.0,277.0,424.0,228.0,230.0,127.0,532.0,485.0,444.0,189.0,1052.0,464.0,571.0,197.0,45.0,491.0,202.0,348.0,270.0,924.0,264.0,606.0,342.0,249.0,172.0,172.0,175.0,121.0,766.0,570.0,258.0,172.0,119.0,273.0,1
95,397.0,168.0,410.0,222.0,244.0,92.0,411.0,511.0,371.0,176.0,964.0,385.0,459.0,170.0,56.0,439.0,231.0,450.0,231.0,735.0,177.0,561.0,311.0,215.0,143.0,166.0,121.0,82.0,649.0,594.0,281.0,162.0,101.0,299.0,1
96,281.0,238.0,256.0,138.0,195.0,102.0,363.0,351.0,285.0,215.0,778.0,350.0,380.0,158.0,44.0,343.0,178.0,359.0,187.0,693.0,166.0,367.0,234.0,177.0,111.0,121.0,144.0,62.0,595.0,415.0,156.0,129.0,75.0,243.0,1
97,412.0,182.0,301.0,238.0,149.0,114.0,437.0,524.0,295.0,233.0,888.0,351.0,439.0,171.0,44.0,459.0,151.0,334.0,202.0,789.0,184.0,459.0,262.0,133.0,60.0,153.0,136.0,56.0,566.0,446.0,243.0,124.0,88.0,275.0,1
98,259.0,109.0,194.0,148.0,101.0,74.0,373.0,304.0,154.0,161.0,575.0,262.0,229.0,114.0,15.0,319.0,87.0,233.0,162.0,469.0,103.0,302.0,167.0,120.0,52.0,92.0,109.0,64.0,454.0,298.0,206.0,89.0,57.0,170.0,1
99,373.0,130.0,204.0,139.0,148.0,55.0,409.0,442.0,268.0,177.0,693.0,288.0,325.0,106.0,26.0,406.0,100.0,315.0,140.0,576.0,132.0,315.0,174.0,123.0,34.0,72.0,98.0,43.0,417.0,247.0,144.0,110.0,71.0,207.0,1
100,315.0,88.0,215.0,171.0,84.0,82.0,309.0,370.0,258.0,147.0,571.0,246.0,280.0,114.0,35.0,391.0,69.0,242.0,95.0,424.0,147.0,223.0,133.0,96.0,21.0,46.0,95.0,31.0,362.0,206.0,132.0,68.0,51.0,201.0,1
101,369.0,102.0,226.0,178.0,74.0,135.0,299.0,330.0,230.0,196.0,436.0,258.0,303.0,116.0,44.0,374.0,105.0,217.0,101.0,262.0,167.0,250.0,110.0,131.0,63.0,97.0,95.0,43.0,444.0,274.0,193.0,65.0,69.0,125.0,1
102,358.0,87.0,230.0,167.0,91.0,138.0,273.0,353.0,226.0,114.0,532.0,293.0,292.0,125.0,33.0,380.0,60.0,224.0,125.0,308.0,124.0,255.0,125.0,163.0,59.0,45.0,101.0,39.0,427.0,288.0,125.0,60.0,56.0,189.0,1
103,475.0,87.0,200.0,93.0,78.0,100.0,332.0,354.0,136.0,141.0,394.0,174.0,357.0,106.0,39.0,388.0,133.0,267.0,91.0,254.0,70.0,288.0,152.0,219.0,84.0,74.0,46.0,50.0,356.0,319.0,75.0,79.0,43.0,183.0,1
104,181.0,4.0,52.0,7.0,12.0,26.0,55.0,56.0,2.0,41.0,67.0,32.0,162.0,16.0,0.0,84.0,17.0,32.0,13.0,0.0,16.0,82.0,47.0,24.0,2.0,0.0,0.0,2.0,146.0,79.0,14.0,43.0,5.0,18.0,1
105,195.0,20.0,89.0,25.0,65.0,52.0,110.0,111.0,24.0,87.0,117.0,121.0,139.0,34.0,1.0,172.0,41.0,62.0,67.0,51.0,33.0,83.0,63.0,62.0,2.0,1.0,0.0,0.0,106.0,74.0,75.0,41.0,5.0,77.0,1
106,521.0,125.0,228.0,196.0,168.0,121.0,293.0,393.0,197.0,128.0,546.0,236.0,324.0,113.0,36.0,420.0,131.0,297.0,118.0,441.0,177.0,305.0,207.0,175.0,60.0,48.0,107.0,48.0,424.0,438.0,162.0,50.0,67.0,174.0,1
107,449.0,145.0,205.0,184.0,152.0,161.0,297.0,509.0,245.0,150.0,684.0,279.0,286.0,139.0,36.0,503.0,150.0,247.0,112.0,567.0,141.0,295.0,168.0,208.0,78.0,62.0,160.0,47.0,513.0,365.0,146.0,93.0,66.0,185.0,1
108,391.0,137.0,143.0,192.0,134.0,164.0,292.0,430.0,238.0,111.0,646.0,265.0,339.0,156.0,42.0,459.0,137.0,211.0,92.0,538.0,183.0,296.0,213.0,201.0,128.0,110.0,129.0,59.0,496.0,259.0,195.0,83.0,70.0,170.0,1
109,258.0,89.0,185.0,182.0,109.0,168.0,255.0,400.0,226.0,145.0,603.0,243.0,282.0,189.0,59.0,441.0,139.0,264.0,114.0,555.0,189.0,298.0,175.0,157.0,109.0,100.0,134.0,50.0,414.0,313.0,140.0,55.0,57.0,204.0,1
110,290.0,107.0,178.0,204.0,151.0,148.0,372.0,344.0,211.0,149.0,561.0,296.0,315.0,193.0,40.0,325.0,96.0,272.0,95.0,437.0,151.0,234.0,184.0,173.0,93.0,143.0,122.0,59.0,438.0,331.0,134.0,81.0,60.0,173.0,1
111,324.0,126.0,178.0,210.0,155.0,159.0,311.0,363.0,271.0,147.0,545.0,276.0,338.0,223.0,34.0,368.0,138.0,293.0,85.0,496.0,129.0,266.0,196.0,150.0,118.0,112.0,179.0,65.0,446.0,371.0,127.0,73.0,71.0,126.0,1
112,305.0,121.0,167.0,205.0,185.0,94.0,322.0,449.0,273.0,150.0,616.0,214.0,319.0,189.0,24.0,470.0,93.0,265.0,94.0,487.0,128.0,311.0,222.0,176.0,55.0,128.0,109.0,42.0,422.0,368.0,143.0,80.0,109.0,161.0,1
113,269.0,93.0,146.0,160.0,125.0,101.0,289.0,424.0,278.0,124.0,636.0,243.0,261.0,148.0,23.0,349.0,108.0,259.0,99.0,475.0,83.0,297.0,188.0,171.0,63.0,87.0,101.0,46.0,318.0,347.0,118.0,106.0,69.0,142.0,1
114,93.0,16.0,56.0,23.0,39.0,27.0,125.0,128.0,104.0,36.0,186.0,82.0,116.0,37.0,2.0,130.0,45.0,56.0,33.0,149.0,44.0,125.0,49.0,52.0,40.0,22.0,29.0,17.0,125.0,111.0,48.0,31.0,11.0,59.0,1
115,237.0,113.0,177.0,121.0,188.0,128.0,299.0,490.0,322.0,147.0,643.0,254.0,333.0,168.0,34.0,376.0,196.0,235.0,138.0,542.0,164.0,408.0,181.0,176.0,78.0,70.0,105.0,47.0,393.0,348.0,157.0,96.0,74.0,195.0,1
116,303.0,111.0,185.0,151.0,185.0,139.0,317.0,426.0,299.0,137.0,667.0,285.0,278.0,167.0,21.0,316.0,151.0,283.0,136.0,534.0,219.0,421.0,195.0,249.0,66.0,81.0,129.0,41.0,407.0,359.0,160.0,85.0,79.0,173.0,1
117,269.0,114.0,205.0,130.0,199.0,165.0,338.0,585.0,254.0,144.0,688.0,247.0,376.0,160.0,38.0,391.0,144.0,308.0,139.0,560.0,189.0,432.0,162.0,208.0,67.0,95.0,105.0,50.0,387.0,363.0,140.0,118.0,75.0,164.0,1
118,333.0,127.0,287.0,191.0,297.0,193.0,471.0,642.0,373.0,201.0,771.0,349.0,416.0,230.0,42.0,490.0,228.0,445.0,200.0,851.0,299.0,442.0,216.0,218.0,101.0,130.0,160.0,88.0,460.0,325.0,236.0,146.0,96.0,248.0,1
119,484.0,173.0,359.0,237.0,261.0,191.0,456.0,609.0,384.0,214.0,852.0,354.0,371.0,249.0,87.0,529.0,265.0,492.0,172.0,1095.0,317.0,506.0,265.0,274.0,138.0,175.0,131.0,56.0,505.0,353.0,228.0,143.0,107.0,230.0,1
120,324.0,137.0,265.0,165.0,287.0,135.0,342.0,491.0,297.0,199.0,588.0,273.0,340.0,134.0,53.0,412.0,182.0,265.0,105.0,657.0,201.0,441.0,226.0,172.0,83.0,136.0,104.0,54.0,358.0,287.0,161.0,115.0,78.0,181.0,1
121,498.0,215.0,396.0,200.0,382.0,207.0,521.0,667.0,394.0,230.0,914.0,330.0,531.0,271.0,60.0,636.0,296.0,374.0,280.0,1191.0,315.0,654.0,356.0,321.0,172.0,238.0,159.0,141.0,626.0,460.0,240.0,196.0,157.0,265.0,1
122,525.0,174.0,355.0,194.0,315.0,203.0,438.0,620.0,250.0,194.0,852.0,329.0,516.0,249.0,63.0,525.0,288.0,306.0,198.0,979.0,243.0,426.0,236.0,228.0,97.0,170.0,122.0,64.0,578.0,445.0,197.0,152.0,152.0,198.0,1
123,555.0,261.0,419.0,293.0,418.0,251.0,538.0,869.0,473.0,244.0,1090.0,434.0,637.0,304.0,85.0,692.0,353.0,432.0,257.0,1195.0,283.0,610.0,373.0,276.0,178.0,232.0,135.0,158.0,762.0,582.0,224.0,181.0,161.0,347.0,1
124,716.0,263.0,504.0,352.0,480.0,299.0,609.0,1075.0,469.0,308.0,1267.0,506.0,686.0,377.0,92.0,719.0,327.0,498.0,245.0,1234.0,295.0,567.0,360.0,337.0,203.0,269.0,156.0,160.0,948.0,521.0,404.0,180.0,174.0,352.0,1
125,746.0,275.0,575.0,383.0,565.0,365.0,624.0,1068.0,500.0,287.0,1365.0,457.0,638.0,324.0,104.0,677.0,340.0,413.0,262.0,1384.0,316.0,700.0,427.0,334.0,190.0,248.0,181.0,175.0,1137.0,594.0,332.0,156.0,147.0,460.0,1
126,701.0,367.0,525.0,396.0,485.0,299.0,665.0,1140.0,493.0,324.0,1186.0,468.0,717.0,239.0,80.0,693.0,298.0,474.0,220.0,1292.0,313.0,710.0,355.0,280.0,189.0,218.0,160.0,147.0,1113.0,585.0,357.0,172.0,184.0,349.0,1
127,608.0,370.0,548.0,390.0,476.0,350.0,644.0,982.0,523.0,283.0,1310.0,482.0,619.0,288.0,110.0,672.0,302.0,616.0,230.0,1118.0,386.0,702.0,409.0,361.0,162.0,242.0,160.0,148.0,1045.0,464.0,354.0,228.0,122.0,458.0,1
128,486.0,304.0,384.0,266.0,379.0,212.0,500.0,855.0,430.0,239.0,1214.0,469.0,500.0,253.0,52.0,670.0,281.0,489.0,193.0,891.0,249.0,786.0,270.0,350.0,130.0,178.0,170.0,150.0,861.0,442.0,334.0,167.0,94.0,308.0,1
129,240.0,135.0,250.0,148.0,223.0,115.0,281.0,593.0,294.0,211.0,705.0,254.0,344.0,148.0,81.0,431.0,148.0,333.0,118.0,488.0,175.0,502.0,228.0,298.0,87.0,121.0,112.0,103.0,609.0,245.0,215.0,103.0,65.0,280.0,1
130,325.0,105.0,232.0,97.0,101.0,102.0,265.0,795.0,304.0,139.0,569.0,228.0,262.0,147.0,19.0,403.0,152.0,355.0,119.0,147.0,193.0,430.0,130.0,228.0,55.0,95.0,78.0,60.0,593.0,311.0,202.0,68.0,26.0,217.0,1
131,287.0,106.0,231.0,123.0,213.0,108.0,359.0,515.0,261.0,126.0,736.0,276.0,323.0,244.0,51.0,458.0,224.0,319.0,128.0,483.0,215.0,398.0,252.0,263.0,90.0,179.0,146.0,118.0,657.0,344.0,272.0,88.0,114.0,258.0,1
132,700.0,206.0,490.0,272.0,308.0,196.0,462.0,930.0,366.0,176.0,1155.0,382.0,574.0,329.0,131.0,691.0,343.0,404.0,203.0,950.0,260.0,475.0,390.0,367.0,151.0,212.0,165.0,131.0,1081.0,611.0,392.0,204.0,145.0,314.0,1
133,670.0,234.0,615.0,240.0,293.0,212.0,568.0,1036.0,487.0,278.0,1611.0,502.0,781.0,344.0,121.0,837.0,355.0,488.0,167.0,1044.0,303.0,506.0,506.0,489.0,150.0,316.0,204.0,112.0,1124.0,578.0,341.0,188.0,219.0,320.0,1
134,742.0,227.0,511.0,297.0,275.0,190.0,450.0,915.0,421.0,286.0,1525.0,538.0,940.0,358.0,141.0,810.0,450.0,457.0,165.0,1171.0,296.0,498.0,453.0,445.0,208.0,367.0,273.0,152.0,972.0,581.0,457.0,204.0,220.0,376.0,1
135,705.0,221.0,466.0,221.0,270.0,165.0,471.0,960.0,345.0,291.0,1498.0,520.0,893.0,362.0,115.0,860.0,357.0,449.0,185.0,1225.0,309.0,596.0,500.0,351.0,170.0,274.0,213.0,162.0,924.0,587.0,355.0,189.0,166.0,359.0,1
136,853.0,231.0,479.0,298.0,290.0,187.0,517.0,682.0,449.0,263.0,1160.0,537.0,554.0,322.0,103.0,828.0,326.0,509.0,190.0,1119.0,303.0,614.0,430.0,381.0,173.0,270.0,217.0,144.0,987.0,505.0,317.0,222.0,205.0,328.0,1
137,782.0,173.0,483.0,315.0,163.0,232.0,516.0,808.0,398.0,315.0,1276.0,455.0,746.0,266.0,112.0,783.0,311.0,611.0,200.0,1157.0,326.0,660.0,464.0,378.0,151.0,262.0,184.0,185.0,998.0,457.0,274.0,192.0,180.0,324.0,1
138,851.0,276.0,444.0,304.0,156.0,199.0,502.0,810.0,396.0,320.0,1259.0,510.0,769.0,259.0,72.0,732.0,320.0,602.0,164.0,1199.0,317.0,600.0,513.0,350.0,178.0,311.0,213.0,176.0,892.0,474.0,325.0,220.0,175.0,310.0,1
139,722.0,283.0,490.0,241.0,155.0,181.0,486.0,898.0,441.0,315.0,1145.0,471.0,734.0,274.0,101.0,715.0,375.0,509.0,178.0,1153.0,331.0,650.0,408.0,342.0,130.0,300.0,202.0,129.0,806.0,465.0,238.0,204.0,193.0,410.0,1
140,769.0,218.0,550.0,262.0,220.0,233.0,573.0,972.0,457.0,389.0,1283.0,576.0,753.0,346.0,100.0,761.0,341.0,587.0,194.0,1182.0,332.0,571.0,400.0,373.0,140.0,286.0,267.0,142.0,779.0,493.0,309.0,250.0,159.0,440.0,1
141,812.0,197.0,487.0,237.0,258.0,230.0,557.0,891.0,521.0,374.0,1368.0,580.0,745.0,317.0,104.0,740.0,304.0,542.0,218.0,1135.0,264.0,569.0,425.0,333.0,197.0,235.0,246.0,179.0,774.0,384.0,228.0,169.0,152.0,455.0,1
142,794.0,217.0,546.0,278.0,251.0,221.0,479.0,823.0,496.0,386.0,1292.0,586.0,641.0,330.0,99.0,707.0,287.0,576.0,191.0,1101.0,262.0,626.0,375.0,308.0,151.0,214.0,228.0,167.0,782.0,467.0,196.0,193.0,159.0,385.0,1
143,661.0,243.0,491.0,258.0,241.0,256.0,442.0,790.0,371.0,292.0,1188.0,453.0,544.0,255.0,96.0,698.0,243.0,446.0,195.0,888.0,213.0,560.0,360.0,296.0,145.0,210.0,237.0,171.0,757.0,450.0,204.0,145.0,128.0,368.0,1
144,676.0,238.0,437.0,227.0,194.0,225.0,404.0,719.0,369.0,293.0,1119.0,459.0,510.0,326.0,84.0,698.0,266.0,420.0,147.0,960.0,205.0,491.0,401.0,262.0,181.0,166.0,243.0,176.0,722.0,398.0,260.0,192.0,147.0,380.0,1
145,639.0,178.0,350.0,198.0,228.0,190.0,393.0,637.0,378.0,286.0,1038.0,515.0,524.0,280.0,78.0,627.0,177.0,505.0,127.0,799.0,202.0,498.0,349.0,234.0,132.0,201.0,190.0,163.0,697.0,365.0,290.0,174.0,138.0,360.0,1
146,684.0,204.0,389.0,225.0,176.0,232.0,450.0,579.0,392.0,349.0,1032.0,423.0,557.0,245.0,83.0,638.0,191.0,501.0,128.0,853.0,205.0,501.0,344.0,272.0,153.0,203.0,234.0,160.0,789.0,379.0,223.0,181.0,130.0,327.0,1
147,685.0,232.0,506.0,294.0,263.0,257.0,548.0,582.0,353.0,351.0,1257.0,432.0,681.0,314.0,83.0,772.0,192.0,400.0,140.0,797.0,182.0,651.0,398.0,306.0,174.0,185.0,208.0,134.0,767.0,509.0,248.0,185.0,164.0,334.0,1
148,551.0,156.0,275.0,177.0,180.0,151.0,296.0,548.0,267.0,238.0,687.0,301.0,417.0,171.0,76.0,447.0,133.0,377.0,153.0,586.0,195.0,368.0,321.0,145.0,126.0,160.0,159.0,113.0,519.0,300.0,124.0,89.0,123.0,243.0,1
149,585.0,208.0,484.0,243.0,205.0,192.0,464.0,657.0,318.0,241.0,972.0,404.0,499.0,233.0,63.0,587.0,210.0,409.0,114.0,736.0,216.0,497.0,345.0,271.0,100.0,197.0,205.0,166.0,556.0,372.0,207.0,173.0,172.0,243.0,1
150,553.0,225.0,330.0,176.0,161.0,196.0,357.0,501.0,235.0,224.0,894.0,395.0,364.0,206.0,88.0,539.0,158.0,421.0,126.0,626.0,182.0,297.0,272.0,231.0,105.0,140.0,127.0,81.0,477.0,293.0,121.0,135.0,126.0,208.0,1
151,572.0,179.0,338.0,186.0,218.0,162.0,390.0,558.0,335.0,239.0,876.0,363.0,392.0,274.0,57.0,458.0,182.0,465.0,117.0,658.0,198.0,329.0,289.0,248.0,103.0,106.0,128.0,113.0,465.0,367.0,185.0,174.0,127.0,218.0,1
152,553.0,190.0,408.0,164.0,158.0,156.0,324.0,484.0,276.0,208.0,795.0,364.0,359.0,238.0,55.0,486.0,172.0,534.0,110.0,626.0,194.0,381.0,208.0,176.0,96.0,105.0,132.0,56.0,432.0,327.0,109.0,147.0,112.0,137.0,1
153,486.0,157.0,341.0,182.0,162.0,151.0,352.0,442.0,251.0,181.0,748.0,386.0,435.0,210.0,71.0,443.0,160.0,488.0,126.0,594.0,193.0,480.0,266.0,242.0,107.0,147.0,150.0,96.0,417.0,337.0,198.0,113.0,116.0,148.0,1
154,513.0,142.0,316.0,177.0,151.0,150.0,378.0,422.0,215.0,157.0,729.0,279.0,383.0,144.0,43.0,443.0,130.0,503.0,162.0,442.0,153.0,435.0,226.0,205.0,88.0,122.0,136.0,74.0,389.0,271.0,158.0,86.0,93.0,191.0,1
155,491.0,89.0,258.0,67.0,129.0,105.0,364.0,423.0,160.0,180.0,506.0,283.0,344.0,138.0,45.0,438.0,122.0,411.0,133.0,379.0,142.0,414.0,222.0,167.0,54.0,98.0,44.0,60.0,401.0,222.0,117.0,85.0,58.0,157.0,1
156,141.0,12.0,72.0,6.0,11.0,40.0,67.0,36.0,0.0,1.0,27.0,18.0,73.0,11.0,0.0,105.0,34.0,40.0,17.0,0.0,46.0,119.0,27.0,62.0,1.0,1.0,0.0,0.0,67.0,61.0,7.0,15.0,16.0,21.0,1
157,98.0,9.0,57.0,4.0,6.0,36.0,80.0,34.0,1.0,18.0,14.0,13.0,55.0,5.0,8.0,79.0,18.0,13.0,11.0,4.0,16.0,80.0,15.0,38.0,2.0,0.0,0.0,1.0,44.0,32.0,9.0,9.0,2.0,28.0,1
158,498.0,100.0,222.0,82.0,176.0,142.0,380.0,383.0,243.0,153.0,493.0,206.0,298.0,161.0,20.0,331.0,80.0,341.0,92.0,135.0,81.0,357.0,131.0,159.0,58.0,65.0,68.0,61.0,304.0,221.0,137.0,84.0,37.0,114.0,1
159,560.0,123.0,254.0,137.0,226.0,161.0,352.0,349.0,231.0,161.0,652.0,218.0,372.0,195.0,32.0,436.0,93.0,445.0,126.0,464.0,130.0,363.0,173.0,167.0,54.0,85.0,135.0,46.0,374.0,303.0,190.0,112.0,57.0,143.0,1
160,490.0,140.0,228.0,152.0,182.0,159.0,345.0,371.0,204.0,126.0,597.0,239.0,317.0,159.0,43.0,377.0,108.0,345.0,84.0,458.0,153.0,304.0,194.0,160.0,65.0,73.0,151.0,79.0,408.0,315.0,181.0,104.0,72.0,169.0,1
161,497.0,106.0,292.0,124.0,212.0,133.0,358.0,325.0,243.0,152.0,713.0,245.0,372.0,150.0,31.0,372.0,120.0,553.0,126.0,566.0,223.0,412.0,248.0,147.0,75.0,73.0,130.0,113.0,379.0,310.0,205.0,104.0,72.0,154.0,1
162,519.0,142.0,281.0,131.0,156.0,144.0,444.0,375.0,249.0,190.0,881.0,282.0,442.0,197.0,75.0,424.0,94.0,497.0,137.0,618.0,294.0,416.0,332.0,142.0,82.0,89.0,114.0,74.0,410.0,304.0,206.0,119.0,84.0,222.0,1
163,620.0,131.0,265.0,187.0,163.0,143.0,361.0,416.0,236.0,175.0,873.0,305.0,624.0,191.0,66.0,549.0,167.0,442.0,135.0,619.0,259.0,502.0,384.0,214.0,101.0,116.0,143.0,91.0,470.0,315.0,243.0,119.0,97.0,199.0,1
164,497.0,167.0,201.0,138.0,177.0,123.0,458.0,465.0,253.0,234.0,850.0,317.0,603.0,210.0,47.0,526.0,154.0,512.0,103.0,756.0,275.0,697.0,394.0,239.0,136.0,140.0,134.0,67.0,522.0,379.0,213.0,164.0,79.0,191.0,1
165,293.0,36.0,138.0,39.0,97.0,70.0,131.0,63.0,118.0,58.0,231.0,144.0,256.0,48.0,18.0,222.0,64.0,144.0,47.0,226.0,118.0,274.0,99.0,63.0,25.0,38.0,21.0,22.0,213.0,143.0,56.0,73.0,23.0,88.0,1
166,969.0,186.0,370.0,192.0,363.0,180.0,481.0,638.0,375.0,271.0,1058.0,378.0,567.0,214.0,107.0,623.0,169.0,630.0,122.0,847.0,260.0,648.0,339.0,194.0,134.0,130.0,135.0,73.0,555.0,435.0,285.0,223.0,115.0,254.0,1
167,1154.0,164.0,371.0,183.0,319.0,194.0,424.0,709.0,332.0,276.0,1081.0,378.0,547.0,292.0,63.0,740.0,191.0,714.0,185.0,850.0,295.0,753.0,435.0,206.0,93.0,157.0,203.0,95.0,572.0,431.0,262.0,253.0,113.0,279.0,1
168,1657.0,170.0,455.0,251.0,347.0,238.0,646.0,1007.0,582.0,356.0,1500.0,586.0,901.0,545.0,94.0,853.0,293.0,744.0,216.0,1179.0,327.0,1084.0,490.0,310.0,125.0,170.0,177.0,109.0,708.0,658.0,376.0,247.0,158.0,307.0,1
169,1672.0,124.0,332.0,116.0,193.0,146.0,363.0,699.0,395.0,194.0,945.0,353.0,559.0,447.0,48.0,492.0,133.0,312.0,83.0,618.0,285.0,743.0,284.0,218.0,125.0,92.0,68.0,43.0,440.0,472.0,281.0,110.0,78.0,119.0,1
170,1309.0,108.0,333.0,92.0,146.0,122.0,338.0,624.0,294.0,168.0,758.0,266.0,490.0,289.0,32.0,452.0,130.0,351.0,109.0,568.0,299.0,626.0,246.0,194.0,180.0,106.0,96.0,45.0,392.0,328.0,276.0,128.0,61.0,122.0,1
171,700.0,65.0,179.0,66.0,122.0,92.0,321.0,544.0,184.0,90.0,537.0,179.0,248.0,224.0,18.0,261.0,86.0,237.0,179.0,329.0,91.0,410.0,173.0,153.0,65.0,87.0,30.0,22.0,288.0,234.0,176.0,99.0,32.0,80.0,1
172,1110.0,101.0,300.0,99.0,128.0,116.0,344.0,508.0,214.0,124.0,588.0,272.0,317.0,247.0,67.0,339.0,136.0,296.0,247.0,397.0,136.0,537.0,178.0,157.0,74.0,113.0,45.0,32.0,315.0,238.0,175.0,108.0,155.0,124.0,1
173,703.0,82.0,187.0,46.0,96.0,59.0,286.0,352.0,206.0,131.0,522.0,149.0,250.0,195.0,38.0,251.0,145.0,228.0,201.0,371.0,129.0,409.0,124.0,172.0,57.0,136.0,54.0,24.0,218.0,208.0,186.0,105.0,107.0,97.0,1
174,1131.0,70.0,194.0,85.0,86.0,47.0,266.0,326.0,172.0,137.0,498.0,229.0,318.0,221.0,41.0,254.0,118.0,279.0,132.0,399.0,91.0,377.0,122.0,186.0,52.0,105.0,31.0,35.0,262.0,191.0,141.0,102.0,62.0,107.0,1
175,1723.0,94.0,259.0,83.0,112.0,62.0,351.0,492.0,212.0,200.0,736.0,206.0,345.0,281.0,41.0,280.0,103.0,294.0,234.0,456.0,131.0,519.0,218.0,162.0,71.0,104.0,134.0,34.0,332.0,240.0,221.0,165.0,88.0,181.0,1
176,1522.0,136.0,259.0,81.0,89.0,82.0,317.0,494.0,221.0,180.0,904.0,243.0,423.0,402.0,31.0,311.0,155.0,327.0,171.0,469.0,151.0,594.0,153.0,158.0,73.0,119.0,64.0,46.0,333.0,252.0,211.0,186.0,126.0,160.0,1
177,1807.0,142.0,320.0,74.0,105.0,87.0,312.0,766.0,370.0,239.0,1045.0,224.0,382.0,284.0,31.0,264.0,119.0,300.0,279.0,475.0,98.0,632.0,203.0,164.0,84.0,164.0,68.0,37.0,344.0,282.0,146.0,169.0,88.0,146.0,1
178,960.0,184.0,213.0,89.0,56.0,58.0,282.0,907.0,416.0,128.0,1055.0,107.0,222.0,181.0,14.0,169.0,88.0,157.0,204.0,319.0,99.0,443.0,88.0,98.0,41.0,100.0,52.0,45.0,185.0,145.0,100.0,120.0,74.0,111.0,1
179,2234.0,202.0,474.0,145.0,137.0,133.0,357.0,1417.0,940.0,272.0,1093.0,210.0,313.0,553.0,48.0,331.0,140.0,315.0,344.0,410.0,153.0,888.0,368.0,145.0,94.0,161.0,94.0,65.0,813.0,290.0,214.0,291.0,166.0,122.0,1
180,1739.0,143.0,525.0,151.0,116.0,97.0,347.0,1627.0,929.0,216.0,980.0,179.0,193.0,402.0,25.0,194.0,134.0,285.0,177.0,472.0,82.0,752.0,230.0,160.0,85.0,136.0,57.0,58.0,768.0,251.0,155.0,197.0,113.0,128.0,1
181,2117.0,218.0,471.0,217.0,271.0,211.0,465.0,1793.0,1108.0,279.0,1309.0,229.0,246.0,606.0,37.0,235.0,170.0,366.0,295.0,558.0,105.0,1056.0,317.0,169.0,134.0,172.0,64.0,53.0,1083.0,347.0,243.0,227.0,139.0,167.0,1
182,1958.0,188.0,482.0,264.0,288.0,128.0,545.0,1954.0,1304.0,308.0,912.0,153.0,178.0,420.0,53.0,190.0,101.0,273.0,163.0,500.0,74.0,949.0,308.0,145.0,85.0,171.0,47.0,88.0,961.0,354.0,194.0,224.0,111.0,124.0,1
183,2214.0,289.0,824.0,377.0,379.0,239.0,708.0,1753.0,1505.0,419.0,1695.0,423.0,293.0,783.0,82.0,265.0,126.0,363.0,276.0,674.0,141.0,1330.0,546.0,189.0,165.0,171.0,107.0,42.0,1203.0,420.0,265.0,271.0,95.0,295.0,1
184,2481.0,386.0,810.0,418.0,483.0,197.0,997.0,2180.0,2134.0,600.0,1932.0,574.0,316.0,1093.0,123.0,398.0,183.0,416.0,277.0,549.0,170.0,1586.0,760.0,169.0,313.0,215.0,111.0,81.0,1450.0,404.0,325.0,358.0,109.0,295.0,1
185,2132.0,513.0,808.0,470.0,538.0,241.0,803.0,1918.0,2137.0,656.0,2217.0,695.0,247.0,1146.0,115.0,404.0,202.0,489.0,326.0,736.0,125.0,1404.0,1223.0,251.0,216.0,325.0,109.0,86.0,1497.0,456.0,468.0,417.0,137.0,253.0,1
186,1687.0,672.0,897.0,633.0,514.0,118.0,816.0,1840.0,1994.0,633.0,2202.0,676.0,370.0,1087.0,165.0,426.0,269.0,600.0,388.0,759.0,123.0,1603.0,912.0,196.0,211.0,223.0,124.0,80.0,1340.0,498.0,506.0,259.0,107.0,421.0,1
187,1783.0,580.0,809.0,632.0,378.0,195.0,760.0,1792.0,1833.0,593.0,2261.0,531.0,300.0,700.0,205.0,406.0,214.0,839.0,242.0,623.0,149.0,1481.0,1005.0,104.0,259.0,265.0,87.0,107.0,1611.0,493.0,447.0,258.0,220.0,236.0,1
188,1811.0,700.0,677.0,388.0,355.0,136.0,903.0,1828.0,1300.0,618.0,2542.0,472.0,325.0,1033.0,229.0,405.0,176.0,714.0,315.0,499.0,114.0,1153.0,758.0,130.0,426.0,290.0,146.0,134.0,1827.0,413.0,544.0,309.0,164.0,476.0,1
189,1865.0,607.0,579.0,388.0,324.0,247.0,1038.0,1988.0,1099.0,544.0,2644.0,513.0,306.0,967.0,344.0,438.0,198.0,833.0,195.0,616.0,154.0,1341.0,771.0,147.0,257.0,301.0,175.0,90.0,1810.0,576.0,442.0,349.0,274.0,359.0,1
190,2224.0,748.0,642.0,545.0,286.0,191.0,948.0,1971.0,1243.0,635.0,2685.0,472.0,403.0,942.0,281.0,560.0,168.0,637.0,160.0,561.0,155.0,1229.0,713.0,120.0,256.0,294.0,208.0,70.0,1783.0,607.0,410.0,431.0,290.0,433.0,1
191,1535.0,549.0,659.0,447.0,296.0,217.0,952.0,1681.0,1080.0,612.0,2423.0,450.0,356.0,736.0,238.0,570.0,173.0,537.0,194.0,628.0,200.0,1037.0,547.0,151.0,332.0,322.0,222.0,54.0,1684.0,573.0,309.0,366.0,279.0,439.0,1
192,1487.0,412.0,598.0,358.0,306.0,201.0,957.0,1429.0,1026.0,461.0,2508.0,444.0,381.0,644.0,269.0,541.0,150.0,496.0,95.0,585.0,159.0,932.0,622.0,269.0,274.0,264.0,186.0,81.0,2032.0,595.0,357.0,429.0,257.0,342.0,1
193,1170.0,339.0,450.0,332.0,224.0,186.0,653.0,1168.0,586.0,370.0,2083.0,277.0,326.0,512.0,200.0,479.0,124.0,423.0,120.0,478.0,138.0,712.0,504.0,123.0,249.0,251.0,100.0,79.0,1549.0,387.0,438.0,390.0,175.0,338.0,1
194,1240.0,302.0,677.0,254.0,211.0,124.0,744.0,1352.0,835.0,431.0,2716.0,419.0,474.0,496.0,236.0,527.0,120.0,479.0,146.0,630.0,155.0,941.0,464.0,112.0,352.0,234.0,134.0,66.0,1312.0,484.0,444.0,368.0,222.0,413.0,1
195,1363.0,299.0,632.0,302.0,167.0,134.0,634.0,1087.0,681.0,398.0,2506.0,417.0,630.0,468.0,223.0,405.0,144.0,446.0,153.0,587.0,133.0,920.0,427.0,121.0,544.0,213.0,116.0,76.0,1372.0,405.0,447.0,377.0,176.0,346.0,1
196,1270.0,330.0,507.0,378.0,144.0,112.0,604.0,999.0,643.0,353.0,2155.0,356.0,487.0,488.0,205.0,487.0,179.0,418.0,171.0,636.0,147.0,899.0,334.0,121.0,408.0,271.0,117.0,79.0,1277.0,308.0,381.0,479.0,201.0,410.0,1
197,1507.0,306.0,638.0,376.0,119.0,104.0,572.0,850.0,634.0,337.0,2170.0,351.0,470.0,439.0,290.0,487.0,131.0,526.0,179.0,615.0,449.0,824.0,418.0,94.0,298.0,321.0,80.0,55.0,1260.0,367.0,366.0,501.0,209.0,316.0,1
198,1095.0,237.0,574.0,396.0,101.0,81.0,467.0,685.0,408.0,272.0,1704.0,271.0,378.0,546.0,112.0,412.0,129.0,506.0,253.0,485.0,450.0,898.0,291.0,67.0,186.0,169.0,62.0,55.0,1034.0,400.0,248.0,361.0,123.0,324.0,1
199,1466.0,219.0,659.0,503.0,111.0,95.0,371.0,817.0,410.0,369.0,1888.0,318.0,506.0,369.0,231.0,522.0,207.0,629.0,325.0,662.0,1188.0,1009.0,355.0,111.0,232.0,143.0,68.0,66.0,1261.0,554.0,316.0,389.0,112.0,577.0,1
200,306.0,164.0,581.0,393.0,92.0,117.0,256.0,674.0,314.0,338.0,1317.0,284.0,522.0,252.0,278.0,379.0,154.0,507.0,169.0,508.0,1210.0,907.0,242.0,88.0,154.0,102.0,39.0,39.0,1091.0,390.0,245.0,365.0,89.0,310.0,1
201,1033.0,159.0,446.0,345.0,89.0,104.0,305.0,662.0,292.0,320.0,1302.0,279.0,341.0,308.0,130.0,356.0,143.0,332.0,174.0,783.0,1541.0,795.0,189.0,70.0,157.0,157.0,65.0,42.0,1073.0,225.0,243.0,337.0,80.0,165.0,1
202,1104.0,176.0,556.0,391.0,117.0,110.0,363.0,799.0,513.0,284.0,1489.0,273.0,477.0,270.0,75.0,616.0,251.0,436.0,186.0,772.0,1461.0,1199.0,241.0,88.0,190.0,165.0,31.0,62.0,1414.0,375.0,342.0,250.0,81.0,313.0,1
203,1061.0,153.0,427.0,303.0,105.0,93.0,294.0,1020.0,554.0,277.0,1978.0,229.0,451.0,283.0,135.0,602.0,201.0,485.0,163.0,796.0,987.0,1226.0,214.0,55.0,165.0,214.0,40.0,54.0,1558.0,405.0,360.0,316.0,101.0,476.0,1
204,1393.0,196.0,541.0,282.0,201.0,145.0,477.0,971.0,443.0,388.0,2495.0,357.0,725.0,523.0,119.0,826.0,269.0,695.0,441.0,1155.0,1203.0,1222.0,496.0,136.0,253.0,234.0,56.0,86.0,2099.0,605.0,519.0,357.0,79.0,795.0,1
205,1482.0,174.0,762.0,216.0,223.0,265.0,465.0,894.0,612.0,490.0,2708.0,295.0,794.0,553.0,324.0,652.0,327.0,639.0,333.0,1496.0,1083.0,1146.0,634.0,84.0,215.0,199.0,53.0,80.0,1848.0,803.0,809.0,240.0,53.0,1063.0,1
206,1418.0,276.0,622.0,219.0,265.0,239.0,517.0,1067.0,538.0,367.0,2919.0,231.0,708.0,777.0,635.0,455.0,321.0,631.0,209.0,1088.0,853.0,1121.0,621.0,98.0,196.0,181.0,53.0,56.0,1463.0,578.0,700.0,316.0,51.0,869.0,1
207,1933.0,311.0,376.0,235.0,358.0,271.0,586.0,1051.0,490.0,387.0,2625.0,196.0,649.0,673.0,436.0,361.0,287.0,614.0,198.0,836.0,1186.0,1056.0,676.0,97.0,209.0,205.0,54.0,19.0,1445.0,587.0,677.0,250.0,56.0,815.0,1
208,1744.0,128.0,381.0,198.0,272.0,199.0,514.0,539.0,344.0,241.0,1915.0,78.0,384.0,382.0,543.0,261.0,163.0,335.0,88.0,435.0,478.0,1104.0,327.0,54.0,129.0,230.0,75.0,16.0,911.0,303.0,563.0,231.0,22.0,506.0,1
209,469.0,15.0,121.0,73.0,29.0,43.0,172.0,159.0,141.0,33.0,467.0,21.0,70.0,133.0,158.0,64.0,27.0,37.0,28.0,145.0,46.0,230.0,48.0,16.0,67.0,50.0,0.0,8.0,180.0,112.0,142.0,97.0,12.0,43.0,1
210,1963.0,166.0,386.0,184.0,273.0,207.0,616.0,826.0,561.0,321.0,1896.0,165.0,303.0,532.0,445.0,290.0,47.0,222.0,146.0,423.0,238.0,982.0,324.0,87.0,152.0,84.0,14.0,23.0,581.0,317.0,560.0,248.0,27.0,290.0,1
211,2026.0,274.0,540.0,231.0,306.0,177.0,542.0,1011.0,484.0,357.0,1819.0,225.0,289.0,524.0,380.0,435.0,80.0,521.0,192.0,413.0,208.0,913.0,520.0,90.0,214.0,113.0,19.0,46.0,639.0,355.0,519.0,332.0,48.0,333.0,1
212,1732.0,351.0,458.0,213.0,345.0,146.0,676.0,886.0,500.0,285.0,1966.0,220.0,386.0,436.0,483.0,583.0,139.0,582.0,230.0,533.0,264.0,888.0,745.0,93.0,207.0,161.0,42.0,46.0,543.0,272.0,539.0,260.0,43.0,368.0,1
213,2031.0,430.0,437.0,192.0,599.0,119.0,647.0,825.0,550.0,330.0,2219.0,307.0,531.0,511.0,396.0,714.0,186.0,631.0,164.0,431.0,269.0,847.0,547.0,110.0,155.0,140.0,39.0,71.0,558.0,378.0,503.0,243.0,76.0,408.0,1
214,1810.0,274.0,481.0,274.0,220.0,140.0,657.0,863.0,683.0,459.0,2163.0,440.0,407.0,576.0,391.0,887.0,208.0,501.0,171.0,481.0,123.0,1025.0,697.0,111.0,205.0,132.0,37.0,71.0,497.0,366.0,529.0,207.0,63.0,250.0,1
215,1986.0,417.0,453.0,276.0,309.0,241.0,771.0,757.0,640.0,593.0,2011.0,546.0,274.0,718.0,369.0,630.0,185.0,489.0,136.0,381.0,123.0,784.0,718.0,133.0,196.0,129.0,40.0,68.0,593.0,278.0,517.0,168.0,138.0,237.0,1
216,1051.0,377.0,414.0,193.0,588.0,309.0,674.0,454.0,655.0,550.0,1951.0,218.0,297.0,591.0,232.0,512.0,153.0,273.0,104.0,425.0,220.0,761.0,825.0,87.0,161.0,99.0,19.0,57.0,617.0,251.0,456.0,238.0,145.0,169.0,1
217,3894.0,505.0,676.0,408.0,805.0,317.0,987.0,989.0,815.0,861.0,1834.0,431.0,374.0,812.0,360.0,786.0,276.0,587.0,163.0,543.0,301.0,823.0,1151.0,132.0,206.0,134.0,32.0,47.0,1022.0,293.0,694.0,193.0,194.0,331.0,1
218,1796.0,514.0,761.0,328.0,805.0,252.0,1028.0,1182.0,963.0,704.0,2420.0,434.0,483.0,703.0,428.0,943.0,466.0,691.0,167.0,763.0,596.0,1202.0,882.0,157.0,285.0,189.0,35.0,90.0,1178.0,419.0,644.0,190.0,156.0,354.0,1
219,8896.0,630.0,920.0,399.0,778.0,243.0,778.0,996.0,910.0,608.0,2601.0,516.0,487.0,580.0,380.0,1219.0,391.0,608.0,178.0,794.0,452.0,1479.0,922.0,138.0,258.0,140.0,37.0,110.0,1154.0,451.0,659.0,195.0,143.0,420.0,1
220,1989.0,438.0,945.0,395.0,634.0,208.0,922.0,1038.0,783.0,741.0,2631.0,478.0,566.0,595.0,456.0,1201.0,500.0,562.0,240.0,797.0,244.0,1503.0,742.0,133.0,416.0,188.0,63.0,65.0,1158.0,562.0,600.0,178.0,135.0,366.0,1
221,1626.0,482.0,657.0,352.0,586.0,159.0,860.0,1324.0,650.0,673.0,2399.0,452.0,501.0,608.0,468.0,1182.0,515.0,679.0,148.0,720.0,243.0,1741.0,667.0,127.0,364.0,172.0,43.0,104.0,1377.0,490.0,684.0,107.0,133.0,735.0,1
222,3802.0,298.0,432.0,155.0,390.0,101.0,664.0,1003.0,550.0,749.0,1794.0,327.0,333.0,404.0,194.0,783.0,364.0,491.0,83.0,774.0,200.0,1121.0,346.0,100.0,212.0,166.0,38.0,66.0,824.0,261.0,631.0,139.0,83.0,442.0,1
223,1144.0,311.0,622.0,179.0,435.0,126.0,695.0,1392.0,713.0,1004.0,2222.0,422.0,576.0,457.0,118.0,818.0,450.0,972.0,137.0,1069.0,259.0,1838.0,430.0,137.0,334.0,178.0,69.0,101.0,889.0,459.0,816.0,241.0,92.0,435.0,1
224,3253.0,271.0,559.0,151.0,446.0,155.0,833.0,1491.0,702.0,906.0,2198.0,465.0,444.0,471.0,171.0,879.0,653.0,867.0,167.0,1515.0,236.0,1921.0,371.0,111.0,276.0,219.0,69.0,94.0,1057.0,513.0,805.0,253.0,117.0,581.0,1
225,3469.0,295.0,433.0,148.0,334.0,164.0,661.0,1262.0,719.0,664.0,1775.0,280.0,364.0,439.0,166.0,533.0,456.0,699.0,108.0,1490.0,262.0,1327.0,225.0,108.0,251.0,123.0,30.0,133.0,833.0,386.0,679.0,232.0,81.0,470.0,1
226,4473.0,244.0,444.0,251.0,362.0,149.0,718.0,1665.0,778.0,623.0,2493.0,394.0,462.0,691.0,204.0,486.0,467.0,1003.0,121.0,1595.0,393.0,1353.0,301.0,167.0,293.0,122.0,48.0,114.0,936.0,489.0,725.0,228.0,126.0,428.0,1
227,4334.0,315.0,456.0,301.0,448.0,127.0,724.0,1344.0,798.0,654.0,2174.0,479.0,480.0,542.0,215.0,579.0,472.0,932.0,147.0,1460.0,373.0,1426.0,311.0,149.0,168.0,163.0,89.0,250.0,991.0,450.0,691.0,245.0,124.0,387.0,1
228,4464.0,372.0,516.0,366.0,592.0,202.0,970.0,1656.0,660.0,693.0,2226.0,467.0,418.0,603.0,188.0,636.0,463.0,1229.0,134.0,1288.0,398.0,1483.0,304.0,168.0,319.0,178.0,90.0,107.0,1313.0,572.0,824.0,296.0,142.0,345.0,1
229,4801.0,451.0,646.0,372.0,772.0,239.0,835.0,1990.0,888.0,1014.0,2524.0,622.0,465.0,831.0,202.0,964.0,408.0,1187.0,147.0,1293.0,384.0,1561.0,414.0,156.0,449.0,223.0,87.0,155.0,1670.0,566.0,866.0,318.0,177.0,345.0,1
230,5548.0,588.0,725.0,499.0,881.0,303.0,793.0,1861.0,1035.0,1067.0,2662.0,747.0,489.0,826.0,146.0,858.0,439.0,1040.0,175.0,1166.0,484.0,1777.0,396.0,177.0,753.0,363.0,114.0,175.0,1612.0,620.0,903.0,238.0,247.0,468.0,1
231,1902.0,589.0,632.0,382.0,824.0,187.0,572.0,1471.0,761.0,978.0,1809.0,498.0,424.0,650.0,82.0,626.0,336.0,974.0,165.0,837.0,431.0,1196.0,364.0,138.0,683.0,335.0,65.0,173.0,1155.0,444.0,698.0,259.0,144.0,355.0,1
232,1543.0,823.0,614.0,607.0,829.0,306.0,779.0,1405.0,857.0,802.0,2166.0,586.0,409.0,841.0,129.0,847.0,474.0,959.0,200.0,972.0,609.0,1615.0,600.0,211.0,683.0,464.0,69.0,157.0,1189.0,637.0,672.0,298.0,91.0,377.0,1
233,1590.0,768.0,552.0,409.0,753.0,268.0,612.0,1403.0,738.0,636.0,2255.0,821.0,402.0,763.0,140.0,864.0,491.0,1002.0,171.0,927.0,640.0,1590.0,600.0,442.0,684.0,378.0,89.0,137.0,1225.0,553.0,601.0,277.0,129.0,325.0,1
234,729.0,402.0,331.0,130.0,547.0,165.0,431.0,1295.0,554.0,483.0,874.0,306.0,284.0,424.0,73.0,597.0,333.0,921.0,123.0,606.0,431.0,1197.0,469.0,299.0,434.0,156.0,45.0,63.0,920.0,470.0,509.0,151.0,45.0,202.0,1
235,2826.0,858.0,421.0,373.0,773.0,232.0,585.0,713.0,467.0,458.0,1441.0,590.0,382.0,692.0,78.0,822.0,386.0,695.0,162.0,695.0,320.0,1066.0,492.0,320.0,477.0,158.0,73.0,69.0,1051.0,487.0,795.0,201.0,66.0,294.0,1
236,2457.0,644.0,352.0,410.0,627.0,274.0,562.0,1141.0,476.0,475.0,2057.0,507.0,461.0,738.0,153.0,844.0,352.0,719.0,188.0,742.0,372.0,1015.0,561.0,258.0,479.0,187.0,71.0,52.0,1014.0,458.0,710.0,227.0,57.0,353.0,1
237,2226.0,508.0,336.0,297.0,713.0,193.0,638.0,1010.0,502.0,486.0,2111.0,424.0,515.0,664.0,204.0,837.0,247.0,651.0,178.0,738.0,383.0,831.0,392.0,179.0,533.0,145.0,86.0,81.0,895.0,466.0,483.0,232.0,75.0,260.0,1
238,1997.0,405.0,383.0,360.0,552.0,146.0,567.0,859.0,459.0,444.0,1914.0,487.0,418.0,521.0,220.0,1040.0,242.0,790.0,177.0,686.0,319.0,770.0,402.0,183.0,365.0,129.0,81.0,88.0,743.0,427.0,480.0,316.0,66.0,272.0,1
239,2013.0,358.0,364.0,342.0,448.0,164.0,438.0,904.0,476.0,427.0,1789.0,402.0,461.0,368.0,147.0,863.0,241.0,819.0,155.0,659.0,191.0,576.0,356.0,144.0,278.0,148.0,65.0,59.0,748.0,363.0,368.0,218.0,76.0,234.0,1
240,1481.0,234.0,315.0,217.0,347.0,139.0,483.0,733.0,470.0,260.0,1357.0,357.0,305.0,352.0,129.0,763.0,248.0,585.0,162.0,575.0,227.0,663.0,370.0,143.0,221.0,191.0,77.0,94.0,632.0,368.0,463.0,224.0,92.0,183.0,1
241,1682.0,210.0,254.0,165.0,293.0,140.0,514.0,801.0,403.0,312.0,1418.0,309.0,303.0,332.0,76.0,654.0,152.0,635.0,188.0,658.0,247.0,648.0,394.0,141.0,225.0,164.0,63.0,82.0,655.0,330.0,374.0,304.0,114.0,202.0,1
242,2112.0,239.0,292.0,174.0,267.0,133.0,505.0,832.0,363.0,374.0,1074.0,289.0,308.0,254.0,61.0,654.0,158.0,604.0,160.0,671.0,350.0,626.0,435.0,129.0,200.0,165.0,86.0,78.0,632.0,354.0,365.0,276.0,96.0,178.0,1
243,1789.0,250.0,275.0,216.0,274.0,148.0,398.0,779.0,367.0,317.0,1119.0,328.0,264.0,241.0,80.0,485.0,134.0,482.0,173.0,536.0,211.0,559.0,383.0,141.0,193.0,204.0,61.0,77.0,747.0,288.0,189.0,209.0,74.0,220.0,1
244,1671.0,183.0,219.0,265.0,260.0,119.0,476.0,679.0,357.0,281.0,932.0,268.0,226.0,165.0,55.0,428.0,94.0,422.0,158.0,514.0,83.0,533.0,285.0,123.0,202.0,118.0,65.0,74.0,619.0,321.0,228.0,217.0,69.0,243.0,1
245,859.0,88.0,146.0,140.0,159.0,71.0,325.0,411.0,177.0,144.0,530.0,123.0,132.0,128.0,31.0,256.0,90.0,236.0,85.0,353.0,86.0,318.0,180.0,77.0,102.0,72.0,38.0,57.0,483.0,149.0,183.0,174.0,61.0,107.0,1
246,1450.0,187.0,190.0,172.0,248.0,117.0,417.0,661.0,350.0,244.0,770.0,255.0,207.0,173.0,76.0,328.0,140.0,440.0,96.0,590.0,110.0,490.0,266.0,101.0,139.0,110.0,62.0,29.0,545.0,264.0,218.0,183.0,73.0,136.0,1
247,1472.0,172.0,205.0,169.0,273.0,114.0,439.0,737.0,424.0,229.0,810.0,265.0,223.0,218.0,76.0,365.0,149.0,445.0,98.0,598.0,139.0,413.0,257.0,125.0,121.0,83.0,59.0,63.0,589.0,205.0,252.0,139.0,65.0,175.0,1
248,1393.0,161.0,177.0,183.0,243.0,97.0,434.0,723.0,351.0,271.0,744.0,287.0,222.0,183.0,78.0,498.0,136.0,596.0,115.0,567.0,139.0,483.0,267.0,117.0,112.0,112.0,75.0,66.0,488.0,203.0,175.0,175.0,79.0,185.0,1
249,2080.0,156.0,217.0,171.0,302.0,96.0,454.0,645.0,414.0,240.0,866.0,245.0,178.0,194.0,73.0,526.0,121.0,648.0,162.0,558.0,162.0,577.0,310.0,128.0,114.0,150.0,48.0,54.0,494.0,246.0,188.0,201.0,78.0,177.0,1
250,878.0,109.0,106.0,143.0,202.0,71.0,307.0,391.0,255.0,166.0,451.0,184.0,107.0,121.0,29.0,324.0,100.0,269.0,82.0,404.0,99.0,440.0,173.0,97.0,69.0,71.0,41.0,50.0,220.0,152.0,112.0,145.0,54.0,114.0,1
251,1510.0,146.0,234.0,183.0,316.0,134.0,464.0,657.0,362.0,259.0,809.0,252.0,165.0,177.0,51.0,433.0,97.0,518.0,149.0,639.0,153.0,1013.0,319.0,143.0,112.0,136.0,61.0,80.0,438.0,266.0,250.0,247.0,80.0,221.0,1
252,1797.0,111.0,178.0,156.0,262.0,82.0,444.0,587.0,387.0,231.0,705.0,237.0,239.0,184.0,78.0,458.0,142.0,519.0,177.0,557.0,143.0,1326.0,302.0,176.0,89.0,128.0,47.0,64.0,397.0,310.0,206.0,204.0,48.0,175.0,1
253,1768.0,128.0,83.0,127.0,200.0,68.0,383.0,352.0,253.0,129.0,488.0,202.0,157.0,144.0,56.0,267.0,90.0,272.0,85.0,457.0,89.0,744.0,169.0,86.0,65.0,74.0,30.0,65.0,208.0,210.0,137.0,92.0,30.0,156.0,1
254,2146.0,257.0,228.0,175.0,222.0,137.0,570.0,436.0,441.0,201.0,696.0,301.0,262.0,232.0,113.0,489.0,147.0,631.0,145.0,563.0,168.0,1161.0,346.0,167.0,158.0,147.0,61.0,100.0,490.0,264.0,214.0,189.0,61.0,267.0,1
255,2383.0,188.0,189.0,137.0,295.0,85.0,546.0,445.0,365.0,175.0,678.0,278.0,214.0,198.0,114.0,428.0,137.0,423.0,222.0,606.0,161.0,872.0,306.0,114.0,154.0,120.0,73.0,92.0,430.0,249.0,182.0,173.0,55.0,185.0,1
256,2563.0,261.0,290.0,157.0,363.0,179.0,686.0,593.0,466.0,244.0,854.0,294.0,338.0,267.0,187.0,553.0,160.0,723.0,212.0,733.0,202.0,1054.0,337.0,170.0,157.0,149.0,89.0,113.0,486.0,327.0,298.0,174.0,83.0,292.0,1
257,3164.0,324.0,304.0,184.0,233.0,176.0,614.0,542.0,620.0,303.0,832.0,318.0,407.0,248.0,144.0,525.0,116.0,462.0,162.0,695.0,205.0,1189.0,331.0,164.0,178.0,206.0,99.0,91.0,468.0,293.0,285.0,315.0,69.0,301.0,1
258,4916.0,251.0,327.0,188.0,230.0,212.0,616.0,522.0,540.0,263.0,862.0,348.0,441.0,289.0,115.0,514.0,186.0,618.0,214.0,629.0,220.0,1461.0,325.0,139.0,143.0,193.0,94.0,140.0,507.0,280.0,242.0,208.0,67.0,316.0,1
259,16403.0,358.0,405.0,411.0,348.0,425.0,891.0,857.0,1156.0,511.0,895.0,450.0,431.0,275.0,85.0,519.0,194.0,590.0,150.0,576.0,248.0,874.0,387.0,186.0,257.0,227.0,100.0,141.0,676.0,279.0,228.0,223.0,109.0,257.0,1
260,12082.0,462.0,458.0,604.0,388.0,411.0,1392.0,847.0,1213.0,565.0,723.0,414.0,280.0,438.0,49.0,507.0,219.0,300.0,143.0,417.0,190.0,659.0,389.0,96.0,183.0,261.0,18.0,37.0,677.0,208.0,243.0,192.0,87.0,209.0,1
261,9083.0,584.0,974.0,553.0,348.0,548.0,2076.0,1485.0,1022.0,474.0,564.0,663.0,363.0,1034.0,246.0,321.0,196.0,326.0,156.0,486.0,49.0,1144.0,526.0,134.0,343.0,229.0,25.0,36.0,773.0,445.0,254.0,256.0,148.0,184.0,1
262,12898.0,833.0,1443.0,722.0,684.0,426.0,2999.0,4023.0,1387.0,1366.0,3757.0,2074.0,1656.0,1929.0,475.0,2087.0,1111.0,2176.0,697.0,1996.0,906.0,3591.0,2301.0,541.0,894.0,372.0,256.0,242.0,1910.0,1468.0,1643.0,1028.0,221.0,1089.0,1
263,22607.0,496.0,779.0,525.0,477.0,334.0,2013.0,2369.0,1496.0,848.0,4336.0,1436.0,1878.0,1020.0,343.0,2818.0,1090.0,2633.0,795.0,2091.0,836.0,3122.0,1807.0,1448.0,621.0,394.0,157.0,129.0,1707.0,1461.0,1313.0,1060.0,221.0,1011.0,1
264,24258.0,451.0,1089.0,713.0,521.0,355.0,1869.0,1901.0,1919.0,642.0,3659.0,1450.0,1687.0,1428.0,279.0,2324.0,740.0,2273.0,820.0,1565.0,696.0,2339.0,1437.0,848.0,465.0,489.0,203.0,212.0,1808.0,953.0,1040.0,699.0,130.0,796.0,1
265,17174.0,1151.0,2017.0,950.0,710.0,845.0,2079.0,3856.0,2462.0,1109.0,2882.0,1705.0,1316.0,1885.0,290.0,1565.0,635.0,1397.0,749.0,1385.0,575.0,2052.0,868.0,583.0,756.0,527.0,196.0,179.0,2140.0,1019.0,976.0,852.0,196.0,687.0,1
266,9169.0,1218.0,1895.0,1289.0,980.0,833.0,1682.0,3363.0,1744.0,1133.0,2578.0,1462.0,1088.0,1563.0,409.0,1276.0,623.0,1055.0,927.0,1681.0,528.0,1989.0,1298.0,324.0,729.0,512.0,226.0,160.0,1674.0,1146.0,1007.0,944.0,213.0,645.0,1
267,4792.0,760.0,1396.0,780.0,527.0,437.0,955.0,2377.0,1005.0,725.0,1970.0,792.0,1050.0,770.0,259.0,1143.0,549.0,826.0,802.0,1205.0,382.0,2119.0,975.0,264.0,552.0,189.0,148.0,89.0,1160.0,1075.0,712.0,630.0,160.0,624.0,1
268,2820.0,280.0,644.0,462.0,361.0,209.0,623.0,1363.0,676.0,442.0,1560.0,578.0,661.0,290.0,181.0,864.0,550.0,729.0,855.0,955.0,301.0,1698.0,622.0,149.0,460.0,151.0,95.0,66.0,680.0,645.0,413.0,495.0,108.0,504.0,1
269,2641.0,228.0,343.0,280.0,293.0,200.0,547.0,825.0,499.0,196.0,994.0,512.0,568.0,256.0,98.0,701.0,423.0,846.0,431.0,727.0,289.0,1068.0,440.0,120.0,126.0,123.0,56.0,50.0,458.0,355.0,332.0,391.0,111.0,444.0,1
270,1314.0,91.0,136.0,199.0,220.0,230.0,278.0,271.0,141.0,88.0,560.0,308.0,235.0,95.0,24.0,342.0,182.0,612.0,147.0,642.0,153.0,656.0,275.0,82.0,68.0,47.0,23.0,26.0,274.0,150.0,220.0,129.0,56.0,247.0,1
271,1611.0,258.0,339.0,233.0,351.0,202.0,536.0,812.0,481.0,249.0,983.0,385.0,362.0,239.0,106.0,496.0,419.0,916.0,311.0,916.0,204.0,670.0,334.0,130.0,128.0,103.0,68.0,66.0,460.0,222.0,302.0,164.0,95.0,290.0,1
272,2038.0,221.0,383.0,384.0,378.0,224.0,715.0,1053.0,667.0,254.0,1129.0,478.0,439.0,348.0,101.0,656.0,374.0,1027.0,439.0,1029.0,333.0,798.0,392.0,129.0,132.0,96.0,82.0,82.0,529.0,383.0,409.0,335.0,96.0,337.0,1
273,2040.0,330.0,550.0,504.0,412.0,262.0,904.0,1045.0,708.0,431.0,1510.0,538.0,504.0,479.0,94.0,799.0,447.0,1151.0,527.0,939.0,302.0,850.0,402.0,165.0,216.0,161.0,90.0,123.0,687.0,464.0,473.0,330.0,132.0,480.0,1
274,2029.0,331.0,602.0,520.0,427.0,251.0,1059.0,1132.0,770.0,438.0,1426.0,666.0,584.0,501.0,157.0,900.0,356.0,1081.0,316.0,935.0,321.0,737.0,502.0,154.0,244.0,205.0,109.0,285.0,793.0,566.0,518.0,393.0,103.0,448.0,1
275,1972.0,417.0,635.0,611.0,501.0,273.0,992.0,1151.0,667.0,425.0,1352.0,642.0,574.0,511.0,128.0,797.0,344.0,1201.0,305.0,889.0,283.0,973.0,725.0,209.0,274.0,210.0,162.0,138.0,918.0,548.0,613.0,354.0,109.0,438.0,1
276,1214.0,313.0,572.0,481.0,397.0,203.0,802.0,1000.0,506.0,350.0,978.0,495.0,520.0,400.0,124.0,546.0,195.0,778.0,485.0,605.0,175.0,593.0,492.0,133.0,219.0,136.0,70.0,123.0,679.0,365.0,385.0,250.0,85.0,346.0,1
277,1006.0,279.0,471.0,312.0,346.0,177.0,662.0,830.0,486.0,281.0,820.0,457.0,544.0,331.0,125.0,566.0,154.0,744.0,446.0,632.0,193.0,732.0,538.0,161.0,299.0,141.0,91.0,159.0,619.0,412.0,372.0,224.0,87.0,355.0,1
278,1829.0,458.0,648.0,362.0,472.0,220.0,911.0,1161.0,562.0,438.0,1296.0,723.0,673.0,464.0,155.0,740.0,290.0,1156.0,848.0,791.0,300.0,1135.0,584.0,251.0,329.0,232.0,101.0,175.0,930.0,490.0,483.0,357.0,100.0,436.0,1
279,1372.0,482.0,659.0,311.0,292.0,205.0,874.0,1294.0,575.0,502.0,1435.0,599.0,693.0,638.0,165.0,845.0,245.0,1008.0,294.0,940.0,260.0,1084.0,495.0,215.0,386.0,230.0,149.0,174.0,1043.0,544.0,571.0,432.0,154.0,358.0,1
280,1583.0,449.0,790.0,464.0,408.0,265.0,890.0,1329.0,596.0,426.0,1644.0,782.0,766.0,601.0,176.0,872.0,333.0,1205.0,597.0,1023.0,248.0,1202.0,623.0,274.0,470.0,354.0,194.0,205.0,1345.0,656.0,551.0,380.0,175.0,543.0,1
281,1781.0,511.0,833.0,515.0,329.0,292.0,930.0,1434.0,570.0,441.0,1615.0,674.0,885.0,557.0,170.0,1114.0,259.0,1105.0,310.0,993.0,327.0,1106.0,693.0,247.0,527.0,271.0,167.0,200.0,1262.0,678.0,574.0,409.0,218.0,570.0,1
282,1878.0,454.0,710.0,467.0,351.0,301.0,949.0,1539.0,595.0,456.0,1667.0,670.0,836.0,490.0,159.0,1120.0,382.0,1031.0,420.0,1032.0,334.0,1098.0,538.0,329.0,423.0,338.0,152.0,154.0,1039.0,618.0,590.0,401.0,182.0,520.0,1
283,1800.0,470.0,753.0,425.0,317.0,287.0,875.0,1408.0,604.0,428.0,1899.0,739.0,961.0,513.0,146.0,1084.0,388.0,1023.0,341.0,943.0,384.0,1011.0,553.0,274.0,358.0,340.0,157.0,151.0,1150.0,656.0,568.0,412.0,169.0,573.0,1
284,2457.0,456.0,713.0,423.0,345.0,256.0,930.0,1671.0,754.0,456.0,1986.0,697.0,1000.0,608.0,161.0,1102.0,415.0,1224.0,439.0,880.0,399.0,1075.0,475.0,341.0,367.0,250.0,131.0,207.0,1194.0,602.0,533.0,350.0,190.0,657.0,1
285,1800.0,286.0,338.0,278.0,337.0,195.0,732.0,1213.0,610.0,285.0,1603.0,407.0,826.0,372.0,86.0,752.0,443.0,1136.0,890.0,690.0,283.0,896.0,409.0,263.0,173.0,180.0,121.0,133.0,879.0,501.0,365.0,258.0,125.0,567.0,1
286,1734.0,300.0,334.0,210.0,169.0,101.0,625.0,2191.0,850.0,351.0,1019.0,311.0,638.0,226.0,95.0,771.0,548.0,1369.0,866.0,258.0,389.0,851.0,400.0,515.0,173.0,133.0,67.0,50.0,675.0,368.0,345.0,333.0,31.0,582.0,1
287,4735.0,681.0,1252.0,841.0,409.0,188.0,1193.0,4009.0,1495.0,511.0,1961.0,992.0,979.0,558.0,199.0,2130.0,1337.0,1628.0,1785.0,1959.0,710.0,1567.0,769.0,1438.0,306.0,281.0,133.0,176.0,2387.0,1065.0,599.0,580.0,234.0,1696.0,1
288,7965.0,1170.0,2890.0,1180.0,822.0,387.0,1845.0,5033.0,2546.0,997.0,3312.0,1654.0,1089.0,1357.0,393.0,2384.0,909.0,1487.0,889.0,2908.0,615.0,1707.0,1329.0,1395.0,747.0,498.0,168.0,248.0,3415.0,1398.0,758.0,1011.0,334.0,1711.0,1
289,4686.0,1131.0,1773.0,690.0,854.0,421.0,1889.0,3275.0,2472.0,1053.0,2803.0,1180.0,1050.0,1252.0,420.0,1818.0,902.0,1367.0,463.0,1642.0,465.0,1947.0,870.0,1412.0,713.0,365.0,234.0,304.0,2752.0,1125.0,604.0,686.0,189.0,873.0,1
290,4028.0,1014.0,1246.0,494.0,782.0,341.0,1350.0,2063.0,1602.0,1063.0,2288.0,820.0,956.0,765.0,365.0,1182.0,529.0,966.0,283.0,1105.0,292.0,1988.0,611.0,745.0,543.0,351.0,229.0,241.0,1893.0,777.0,551.0,387.0,164.0,667.0,1
291,3240.0,622.0,729.0,400.0,594.0,260.0,1042.0,1458.0,874.0,689.0,1930.0,663.0,862.0,599.0,281.0,1017.0,403.0,930.0,260.0,871.0,247.0,1346.0,503.0,426.0,325.0,315.0,187.0,108.0,1310.0,561.0,587.0,389.0,123.0,535.0,1
292,2736.0,596.0,662.0,442.0,458.0,268.0,1000.0,1284.0,839.0,572.0,1842.0,687.0,723.0,558.0,211.0,911.0,350.0,786.0,284.0,647.0,305.0,1135.0,580.0,249.0,323.0,293.0,161.0,127.0,1506.0,536.0,608.0,354.0,139.0,440.0,1
293,2711.0,544.0,645.0,426.0,327.0,264.0,899.0,1249.0,709.0,448.0,1629.0,530.0,738.0,465.0,179.0,822.0,332.0,881.0,260.0,641.0,323.0,1056.0,528.0,336.0,280.0,297.0,161.0,130.0,1282.0,495.0,562.0,298.0,186.0,427.0,1
294,2661.0,545.0,644.0,434.0,236.0,223.0,860.0,1220.0,573.0,438.0,1600.0,626.0,641.0,470.0,157.0,814.0,298.0,1038.0,217.0,712.0,276.0,1018.0,415.0,240.0,241.0,242.0,135.0,162.0,1183.0,557.0,552.0,281.0,214.0,438.0,1
295,2567.0,395.0,574.0,372.0,254.0,221.0,839.0,1005.0,521.0,473.0,1611.0,615.0,741.0,485.0,139.0,802.0,309.0,987.0,207.0,732.0,308.0,858.0,456.0,242.0,255.0,280.0,230.0,102.0,1117.0,403.0,468.0,293.0,138.0,412.0,1
296,2262.0,499.0,565.0,360.0,281.0,216.0,763.0,918.0,511.0,327.0,1504.0,512.0,657.0,418.0,149.0,809.0,241.0,970.0,262.0,820.0,217.0,868.0,431.0,211.0,275.0,301.0,201.0,109.0,1047.0,487.0,480.0,218.0,163.0,444.0,1
297,1741.0,348.0,480.0,238.0,257.0,188.0,492.0,711.0,407.0,181.0,1083.0,382.0,408.0,344.0,106.0,555.0,215.0,619.0,156.0,541.0,187.0,478.0,305.0,152.0,191.0,191.0,128.0,68.0,753.0,412.0,354.0,167.0,88.0,281.0,1
298,2274.0,522.0,539.0,356.0,279.0,263.0,723.0,918.0,624.0,348.0,1521.0,505.0,562.0,360.0,169.0,743.0,241.0,809.0,203.0,709.0,238.0,904.0,528.0,175.0,239.0,261.0,197.0,115.0,1029.0,440.0,426.0,256.0,132.0,453.0,1
299,2094.0,453.0,539.0,338.0,319.0,259.0,685.0,797.0,529.0,298.0,1418.0,420.0,627.0,348.0,123.0,675.0,256.0,798.0,188.0,640.0,272.0,704.0,494.0,211.0,236.0,219.0,143.0,107.0,962.0,349.0,447.0,223.0,148.0,344.0,1
300,1996.0,416.0,474.0,344.0,315.0,236.0,638.0,806.0,476.0,257.0,1271.0,491.0,660.0,337.0,90.0,633.0,231.0,823.0,176.0,748.0,241.0,861.0,511.0,234.0,252.0,237.0,177.0,117.0,990.0,359.0,394.0,247.0,130.0,355.0,1
301,1985.0,446.0,478.0,289.0,313.0,227.0,650.0,795.0,483.0,282.0,1277.0,421.0,535.0,309.0,114.0,642.0,231.0,730.0,160.0,606.0,187.0,893.0,480.0,175.0,241.0,268.0,148.0,104.0,884.0,360.0,436.0,214.0,139.0,299.0,1
302,1516.0,342.0,316.0,252.0,233.0,174.0,489.0,548.0,353.0,226.0,916.0,376.0,428.0,230.0,80.0,469.0,184.0,633.0,120.0,512.0,166.0,698.0,332.0,184.0,179.0,208.0,122.0,64.0,633.0,243.0,295.0,140.0,109.0,266.0,1
303,2040.0,431.0,549.0,333.0,302.0,256.0,590.0,783.0,501.0,307.0,1331.0,466.0,553.0,353.0,109.0,667.0,234.0,883.0,144.0,746.0,284.0,956.0,472.0,263.0,267.0,206.0,170.0,94.0,881.0,424.0,401.0,225.0,166.0,389.0,1
304,1685.0,440.0,493.0,286.0,210.0,244.0,696.0,673.0,396.0,256.0,1252.0,441.0,569.0,303.0,123.0,596.0,239.0,792.0,190.0,669.0,217.0,924.0,417.0,263.0,282.0,184.0,174.0,105.0,863.0,339.0,327.0,205.0,144.0,385.0,1
305,1615.0,301.0,342.0,178.0,182.0,178.0,380.0,557.0,263.0,200.0,938.0,250.0,385.0,238.0,64.0,494.0,149.0,558.0,85.0,401.0,162.0,631.0,285.0,141.0,180.0,71.0,71.0,95.0,623.0,241.0,301.0,166.0,78.0,286.0,1
306,2339.0,310.0,476.0,323.0,248.0,190.0,671.0,818.0,407.0,313.0,1029.0,457.0,552.0,274.0,132.0,639.0,221.0,785.0,154.0,623.0,196.0,821.0,405.0,224.0,207.0,157.0,152.0,90.0,869.0,315.0,361.0,183.0,105.0,303.0,1
307,3842.0,279.0,353.0,287.0,343.0,277.0,420.0,546.0,262.0,256.0,692.0,232.0,354.0,228.0,78.0,340.0,153.0,502.0,106.0,440.0,170.0,633.0,309.0,194.0,131.0,110.0,85.0,90.0,567.0,237.0,226.0,146.0,63.0,246.0,1
308,8924.0,800.0,647.0,527.0,908.0,496.0,770.0,1080.0,668.0,406.0,1057.0,432.0,617.0,407.0,101.0,755.0,190.0,865.0,164.0,634.0,219.0,1206.0,523.0,543.0,253.0,230.0,175.0,84.0,1643.0,428.0,495.0,338.0,164.0,327.0,1
309,7020.0,1192.0,1029.0,564.0,877.0,435.0,1039.0,1703.0,956.0,534.0,1317.0,480.0,689.0,689.0,163.0,837.0,188.0,685.0,205.0,842.0,172.0,1573.0,498.0,813.0,342.0,243.0,93.0,92.0,2515.0,575.0,419.0,350.0,173.0,346.0,1
310,3207.0,932.0,1053.0,352.0,473.0,274.0,996.0,2399.0,1100.0,780.0,1498.0,677.0,836.0,695.0,223.0,1388.0,257.0,696.0,183.0,1119.0,303.0,1878.0,654.0,1302.0,276.0,223.0,108.0,70.0,1739.0,484.0,460.0,384.0,112.0,404.0,1
311,2275.0,621.0,714.0,385.0,331.0,210.0,807.0,2451.0,864.0,781.0,1436.0,567.0,786.0,655.0,221.0,1416.0,275.0,817.0,192.0,1037.0,305.0,1734.0,845.0,1059.0,266.0,234.0,88.0,74.0,1196.0,521.0,367.0,378.0,119.0,367.0,1
312,1276.0,347.0,361.0,194.0,188.0,117.0,452.0,1130.0,584.0,403.0,1046.0,444.0,581.0,296.0,84.0,921.0,201.0,508.0,131.0,376.0,191.0,925.0,461.0,616.0,141.0,58.0,41.0,62.0,645.0,276.0,247.0,173.0,54.0,338.0,1
313,1150.0,128.0,178.0,55.0,113.0,115.0,213.0,216.0,262.0,85.0,450.0,157.0,275.0,100.0,15.0,498.0,52.0,79.0,68.0,141.0,72.0,554.0,229.0,283.0,14.0,0.0,18.0,19.0,254.0,112.0,143.0,23.0,53.0,88.0,1
314,1174.0,155.0,191.0,166.0,173.0,89.0,315.0,545.0,264.0,209.0,542.0,228.0,400.0,201.0,42.0,564.0,131.0,432.0,227.0,137.0,140.0,496.0,232.0,271.0,69.0,30.0,20.0,43.0,306.0,151.0,158.0,83.0,31.0,226.0,1
315,1179.0,249.0,233.0,179.0,184.0,121.0,345.0,515.0,322.0,190.0,873.0,264.0,376.0,202.0,82.0,652.0,167.0,600.0,189.0,301.0,178.0,517.0,274.0,241.0,153.0,58.0,61.0,58.0,413.0,251.0,218.0,99.0,69.0,229.0,1
316,1115.0,225.0,242.0,177.0,194.0,149.0,380.0,468.0,275.0,198.0,737.0,241.0,423.0,156.0,73.0,585.0,191.0,534.0,121.0,356.0,223.0,536.0,258.0,206.0,142.0,63.0,74.0,94.0,488.0,276.0,193.0,115.0,75.0,242.0,1
317,1205.0,215.0,214.0,188.0,140.0,133.0,520.0,468.0,340.0,210.0,698.0,204.0,352.0,181.0,74.0,543.0,114.0,447.0,98.0,372.0,177.0,513.0,256.0,177.0,149.0,52.0,62.0,81.0,500.0,246.0,243.0,104.0,58.0,225.0,1
318,1240.0,246.0,203.0,182.0,171.0,109.0,588.0,504.0,333.0,215.0,719.0,292.0,316.0,228.0,58.0,478.0,157.0,484.0,88.0,399.0,183.0,501.0,253.0,182.0,150.0,71.0,44.0,51.0,547.0,260.0,273.0,137.0,58.0,256.0,1
319,1488.0,292.0,283.0,224.0,192.0,114.0,650.0,453.0,359.0,247.0,695.0,280.0,318.0,217.0,66.0,449.0,175.0,556.0,100.0,394.0,234.0,444.0,266.0,136.0,124.0,71.0,90.0,62.0,506.0,239.0,220.0,103.0,76.0,268.0,1
320,1319.0,267.0,282.0,160.0,210.0,131.0,666.0,613.0,402.0,271.0,710.0,351.0,337.0,215.0,75.0,505.0,148.0,549.0,77.0,465.0,196.0,463.0,241.0,163.0,161.0,78.0,98.0,50.0,466.0,216.0,218.0,164.0,90.0,245.0,1
321,926.0,153.0,171.0,85.0,127.0,90.0,353.0,242.0,233.0,134.0,356.0,145.0,241.0,72.0,33.0,215.0,57.0,332.0,29.0,205.0,87.0,224.0,102.0,65.0,76.0,27.0,32.0,26.0,270.0,126.0,105.0,60.0,26.0,158.0,1
322,2258.0,393.0,350.0,298.0,248.0,287.0,910.0,836.0,621.0,393.0,994.0,503.0,583.0,378.0,109.0,553.0,194.0,761.0,125.0,605.0,220.0,541.0,235.0,195.0,220.0,144.0,121.0,85.0,589.0,343.0,217.0,205.0,92.0,289.0,1
323,2254.0,440.0,452.0,325.0,438.0,249.0,958.0,1102.0,735.0,538.0,1303.0,560.0,729.0,491.0,169.0,675.0,259.0,900.0,221.0,867.0,241.0,614.0,241.0,250.0,315.0,151.0,94.0,97.0,703.0,337.0,355.0,217.0,136.0,315.0,1
324,2348.0,521.0,570.0,390.0,540.0,300.0,1184.0,1260.0,818.0,706.0,1839.0,659.0,808.0,691.0,290.0,828.0,204.0,992.0,194.0,979.0,324.0,884.0,304.0,243.0,375.0,154.0,107.0,116.0,827.0,389.0,369.0,214.0,150.0,423.0,1
325,2465.0,592.0,627.0,629.0,511.0,335.0,1014.0,1478.0,825.0,597.0,1932.0,652.0,934.0,572.0,244.0,1017.0,265.0,1015.0,205.0,965.0,296.0,1020.0,344.0,215.0,311.0,148.0,174.0,95.0,1007.0,433.0,430.0,264.0,115.0,448.0,1
326,2736.0,548.0,687.0,585.0,468.0,283.0,901.0,1595.0,778.0,592.0,2003.0,733.0,1063.0,532.0,263.0,901.0,327.0,1106.0,218.0,1012.0,328.0,1339.0,414.0,307.0,376.0,188.0,194.0,184.0,1031.0,461.0,406.0,337.0,178.0,490.0,1
327,1618.0,467.0,547.0,436.0,303.0,250.0,713.0,1038.0,480.0,387.0,1632.0,545.0,787.0,326.0,167.0,660.0,215.0,835.0,192.0,795.0,290.0,872.0,308.0,207.0,298.0,165.0,140.0,127.0,955.0,381.0,444.0,272.0,183.0,430.0,1
328,2943.0,845.0,792.0,644.0,382.0,412.0,964.0,1370.0,555.0,468.0,2166.0,712.0,991.0,474.0,238.0,1022.0,304.0,1298.0,259.0,1286.0,393.0,1521.0,533.0,467.0,447.0,360.0,218.0,166.0,1492.0,626.0,655.0,549.0,238.0,630.0,1
329,2382.0,735.0,653.0,584.0,255.0,348.0,849.0,1236.0,502.0,471.0,1983.0,577.0,958.0,316.0,238.0,954.0,272.0,1203.0,212.0,1175.0,382.0,1236.0,513.0,359.0,452.0,308.0,253.0,163.0,1157.0,556.0,573.0,428.0,200.0,507.0,1
330,2741.0,715.0,739.0,538.0,291.0,369.0,909.0,1324.0,471.0,499.0,1981.0,679.0,1114.0,379.0,208.0,1061.0,300.0,1342.0,260.0,1289.0,330.0,1314.0,621.0,525.0,308.0,378.0,217.0,146.0,1013.0,582.0,505.0,363.0,220.0,529.0,1
331,2129.0,631.0,586.0,380.0,214.0,258.0,793.0,1223.0,446.0,411.0,1382.0,504.0,828.0,350.0,97.0,958.0,225.0,1058.0,185.0,1098.0,268.0,1077.0,514.0,347.0,266.0,246.0,113.0,123.0,879.0,487.0,459.0,271.0,186.0,564.0,1
332,2712.0,788.0,921.0,573.0,311.0,324.0,906.0,1250.0,575.0,470.0,2019.0,701.0,1171.0,534.0,138.0,1249.0,368.0,1258.0,229.0,1354.0,399.0,1362.0,731.0,483.0,333.0,363.0,180.0,178.0,1181.0,585.0,615.0,347.0,243.0,701.0,1
333,2888.0,804.0,972.0,622.0,415.0,395.0,1124.0,1729.0,618.0,551.0,1973.0,737.0,1223.0,519.0,225.0,1166.0,358.0,1188.0,238.0,1524.0,400.0,1438.0,806.0,525.0,408.0,400.0,258.0,191.0,1292.0,823.0,715.0,419.0,295.0,773.0,1
334,3133.0,669.0,902.0,563.0,382.0,401.0,950.0,1741.0,573.0,541.0,1816.0,717.0,1059.0,390.0,223.0,1168.0,398.0,1367.0,276.0,1343.0,417.0,1483.0,631.0,531.0,382.0,296.0,184.0,179.0,1054.0,767.0,716.0,360.0,183.0,757.0,1
335,2715.0,723.0,659.0,430.0,342.0,324.0,838.0,1450.0,694.0,436.0,1786.0,624.0,969.0,517.0,224.0,1010.0,385.0,1197.0,227.0,1190.0,350.0,1455.0,603.0,454.0,361.0,236.0,186.0,142.0,1024.0,600.0,637.0,415.0,212.0,708.0,1
336,1532.0,440.0,470.0,285.0,279.0,222.0,645.0,889.0,491.0,316.0,1172.0,546.0,855.0,330.0,146.0,827.0,274.0,937.0,162.0,738.0,278.0,963.0,464.0,273.0,288.0,165.0,138.0,148.0,802.0,502.0,497.0,308.0,128.0,445.0,1
337,2285.0,443.0,483.0,373.0,361.0,356.0,722.0,1309.0,582.0,457.0,1530.0,460.0,804.0,431.0,120.0,884.0,323.0,1097.0,171.0,912.0,335.0,1006.0,454.0,354.0,266.0,216.0,186.0,125.0,901.0,453.0,503.0,326.0,145.0,525.0,1
338,1654.0,325.0,322.0,222.0,188.0,207.0,582.0,1292.0,476.0,339.0,934.0,310.0,622.0,322.0,79.0,726.0,207.0,932.0,134.0,364.0,248.0,734.0,283.0,208.0,199.0,143.0,125.0,81.0,576.0,302.0,314.0,237.0,64.0,322.0,1
339,2236.0,347.0,445.0,260.0,219.0,250.0,558.0,983.0,553.0,350.0,935.0,387.0,679.0,317.0,109.0,769.0,304.0,1004.0,209.0,155.0,225.0,927.0,434.0,220.0,193.0,110.0,49.0,42.0,679.0,303.0,471.0,189.0,103.0,517.0,1
340,2133.0,571.0,564.0,523.0,337.0,297.0,800.0,1299.0,618.0,443.0,1567.0,702.0,860.0,505.0,154.0,1086.0,330.0,931.0,207.0,654.0,278.0,684.0,604.0,209.0,338.0,247.0,158.0,71.0,1036.0,493.0,541.0,365.0,203.0,561.0,1
341,2481.0,624.0,699.0,562.0,361.0,339.0,841.0,1350.0,540.0,444.0,1825.0,805.0,964.0,521.0,183.0,1101.0,448.0,1006.0,223.0,872.0,354.0,721.0,615.0,260.0,385.0,343.0,200.0,122.0,1254.0,551.0,511.0,409.0,180.0,474.0,1
342,2254.0,707.0,748.0,530.0,386.0,391.0,844.0,1207.0,634.0,478.0,1836.0,816.0,1145.0,556.0,184.0,1255.0,440.0,946.0,206.0,894.0,387.0,823.0,704.0,314.0,365.0,370.0,242.0,115.0,1185.0,577.0,623.0,388.0,243.0,553.0,1
343,2526.0,644.0,642.0,506.0,376.0,337.0,699.0,969.0,497.0,488.0,1756.0,642.0,993.0,496.0,162.0,1087.0,352.0,940.0,182.0,925.0,354.0,863.0,617.0,253.0,312.0,313.0,251.0,143.0,1019.0,446.0,443.0,392.0,197.0,518.0,1
344,3926.0,598.0,671.0,489.0,314.0,297.0,776.0,1054.0,496.0,492.0,1847.0,653.0,1113.0,444.0,165.0,1008.0,367.0,763.0,228.0,926.0,399.0,980.0,605.0,291.0,363.0,262.0,231.0,142.0,975.0,487.0,552.0,488.0,209.0,599.0,1
345,2574.0,606.0,702.0,470.0,344.0,247.0,851.0,1151.0,493.0,523.0,1921.0,669.0,1108.0,366.0,164.0,966.0,369.0,931.0,173.0,878.0,421.0,831.0,579.0,281.0,355.0,304.0,237.0,133.0,1027.0,533.0,495.0,394.0,191.0,532.0,1
346,2361.0,449.0,555.0,463.0,282.0,278.0,799.0,1139.0,496.0,485.0,1498.0,582.0,875.0,317.0,148.0,833.0,334.0,1017.0,171.0,798.0,334.0,888.0,540.0,331.0,316.0,303.0,245.0,167.0,958.0,436.0,454.0,364.0,160.0,515.0,1
347,4024.0,586.0,622.0,497.0,314.0,307.0,771.0,1150.0,575.0,502.0,1783.0,645.0,870.0,415.0,158.0,916.0,320.0,966.0,235.0,892.0,398.0,779.0,606.0,288.0,342.0,262.0,240.0,161.0,1025.0,487.0,476.0,348.0,227.0,544.0,1
348,2135.0,461.0,627.0,405.0,295.0,316.0,763.0,744.0,386.0,428.0,1428.0,525.0,827.0,393.0,164.0,691.0,287.0,824.0,169.0,655.0,289.0,795.0,509.0,229.0,294.0,227.0,201.0,128.0,886.0,477.0,419.0,241.0,182.0,499.0,1
349,1403.0,331.0,426.0,328.0,225.0,193.0,522.0,559.0,327.0,274.0,967.0,357.0,553.0,231.0,90.0,518.0,188.0,604.0,124.0,549.0,258.0,595.0,415.0,224.0,218.0,150.0,141.0,100.0,647.0,294.0,302.0,196.0,123.0,325.0,1
350,2422.0,454.0,580.0,478.0,257.0,245.0,743.0,799.0,600.0,416.0,1409.0,469.0,715.0,389.0,134.0,755.0,239.0,864.0,204.0,760.0,306.0,696.0,637.0,267.0,292.0,249.0,216.0,125.0,912.0,444.0,449.0,295.0,186.0,489.0,1
351,2385.0,541.0,563.0,484.0,217.0,289.0,653.0,836.0,501.0,430.0,1474.0,505.0,774.0,297.0,114.0,763.0,297.0,778.0,161.0,703.0,282.0,777.0,505.0,182.0,316.0,133.0,195.0,118.0,800.0,448.0,453.0,310.0,166.0,380.0,1
352,2062.0,522.0,587.0,461.0,214.0,289.0,614.0,742.0,542.0,375.0,1419.0,451.0,630.0,293.0,130.0,659.0,239.0,717.0,167.0,682.0,213.0,799.0,528.0,204.0,273.0,208.0,200.0,158.0,812.0,397.0,356.0,272.0,183.0,406.0,1
353,1940.0,550.0,536.0,425.0,304.0,313.0,742.0,742.0,496.0,394.0,1322.0,470.0,621.0,329.0,141.0,685.0,242.0,709.0,143.0,701.0,202.0,833.0,552.0,238.0,374.0,170.0,185.0,156.0,713.0,482.0,397.0,280.0,174.0,407.0,1
354,1240.0,333.0,319.0,301.0,174.0,176.0,512.0,531.0,325.0,267.0,974.0,355.0,545.0,257.0,94.0,421.0,161.0,485.0,122.0,548.0,168.0,521.0,404.0,160.0,232.0,127.0,130.0,103.0,489.0,339.0,230.0,171.0,118.0,292.0,1
355,2574.0,531.0,617.0,444.0,252.0,318.0,664.0,946.0,524.0,337.0,1524.0,580.0,843.0,324.0,142.0,686.0,259.0,813.0,153.0,958.0,324.0,906.0,624.0,226.0,337.0,200.0,198.0,121.0,789.0,542.0,367.0,278.0,206.0,521.0,1
356,2511.0,503.0,548.0,431.0,233.0,276.0,636.0,1213.0,517.0,396.0,1378.0,505.0,692.0,342.0,188.0,674.0,253.0,722.0,137.0,940.0,292.0,878.0,560.0,237.0,275.0,174.0,188.0,111.0,769.0,527.0,310.0,302.0,203.0,426.0,1
357,1598.0,392.0,372.0,341.0,193.0,195.0,490.0,969.0,396.0,235.0,1011.0,436.0,368.0,259.0,121.0,519.0,161.0,542.0,144.0,626.0,216.0,501.0,347.0,123.0,179.0,103.0,131.0,104.0,543.0,292.0,180.0,167.0,119.0,299.0,1
358,2694.0,441.0,641.0,456.0,269.0,347.0,748.0,1404.0,784.0,335.0,1307.0,659.0,630.0,381.0,172.0,777.0,164.0,682.0,173.0,900.0,281.0,778.0,469.0,212.0,255.0,174.0,143.0,107.0,867.0,427.0,379.0,267.0,144.0,358.0,1
359,2261.0,325.0,493.0,395.0,188.0,276.0,642.0,883.0,483.0,236.0,1235.0,443.0,469.0,342.0,160.0,874.0,145.0,506.0,144.0,753.0,273.0,707.0,343.0,201.0,203.0,130.0,139.0,70.0,728.0,308.0,387.0,221.0,92.0,340.0,1
360,2656.0,440.0,505.0,378.0,263.0,189.0,712.0,829.0,628.0,242.0,1251.0,423.0,478.0,302.0,166.0,836.0,163.0,619.0,128.0,748.0,278.0,820.0,474.0,210.0,264.0,138.0,98.0,113.0,908.0,481.0,333.0,301.0,119.0,367.0,1
361,1356.0,499.0,429.0,399.0,307.0,244.0,668.0,640.0,512.0,279.0,1181.0,414.0,380.0,263.0,119.0,745.0,138.0,745.0,131.0,694.0,288.0,933.0,530.0,176.0,287.0,172.0,121.0,96.0,850.0,423.0,341.0,253.0,121.0,405.0,1
362,805.0,449.0,292.0,343.0,216.0,198.0,586.0,549.0,365.0,260.0,915.0,329.0,432.0,226.0,100.0,623.0,151.0,506.0,136.0,620.0,265.0,880.0,360.0,163.0,259.0,128.0,128.0,120.0,544.0,450.0,322.0,224.0,116.0,309.0,1
363,581.0,278.0,212.0,183.0,158.0,147.0,325.0,303.0,322.0,173.0,547.0,209.0,261.0,157.0,41.0,401.0,76.0,441.0,70.0,333.0,192.0,530.0,276.0,123.0,164.0,72.0,63.0,76.0,299.0,257.0,144.0,144.0,102.0,196.0,1
364,559.0,282.0,139.0,172.0,118.0,129.0,308.0,218.0,206.0,145.0,499.0,179.0,267.0,143.0,69.0,341.0,76.0,370.0,89.0,194.0,120.0,421.0,288.0,116.0,95.0,6.0,2.0,39.0,293.0,211.0,141.0,125.0,76.0,161.0,1
365,119.0,84.0,56.0,54.0,83.0,62.0,101.0,93.0,24.0,33.0,113.0,36.0,138.0,45.0,12.0,128.0,17.0,70.0,17.0,49.0,14.0,215.0,73.0,79.0,40.0,1.0,0.0,15.0,89.0,68.0,42.0,53.0,18.0,15.0,1
